debate_media,coverage_media,channel,network,location,channel_type,program,coverage_time_utc,debate_start_second,coverage_start_second,duration,match_url,transcript
KNTV_20160927_010000_NBC_News_Special_2016_Presidential_Debate_1,KPIX_20160927_010000_CBS_News_The_First_Presidential_Debate,KPIX,CBS,SF/Oakland/SJ,local,CBS_News_The_First_Presidential_Debate,"09/27/2016 02:46:50",2010.8,6410.3,16,https://archive.org/details/KPIX_20160927_010000_CBS_News_The_First_Presidential_Debate#start/6410.3/end/6426.3,"THIS COUNTRY THAT HAS TO BE TAKEN CARE OF. I WILL RELEASE MY TAX RETURNS AGAINST MY LAWYER'S WISHES. WHEN SHE RELEASES HER HAVE BEEN DELETED. AS SOON AS SHE RELEASES THEM, I WILL RELEASE -- I WILL"
KNTV_20160927_010000_NBC_News_Special_2016_Presidential_Debate_1,KPIX_20160927_010000_CBS_News_The_First_Presidential_Debate,KPIX,CBS,SF/Oakland/SJ,local,CBS_News_The_First_Presidential_Debate,"09/27/2016 02:47:09",2109.6,6429.8,13.8,https://archive.org/details/KPIX_20160927_010000_CBS_News_The_First_Presidential_Debate#start/6429.8/end/6443.6,"FOREIGN BANKS. OR MAYBE HE DOESN'T WANT THE AMERICAN PEOPLE, ALL OF YOU WATCHING TONIGHT, TO KNOW THAT HE'S PAID NOTHING IN FEDERAL TAXES BECAUSE THE ONLY YEARS THAT ANYBODY'S EVER SEEN WERE A COUPLE OF YEARS WHEN HE HAD TO TURN THEM"
KNTV_20160927_010000_NBC_News_Special_2016_Presidential_Debate_1,KPIX_20160927_010000_CBS_News_The_First_Presidential_Debate,KPIX,CBS,SF/Oakland/SJ,local,CBS_News_The_First_Presidential_Debate,"09/27/2016 02:45:24",4940.3,6324.9,2.7,https://archive.org/details/KPIX_20160927_010000_CBS_News_The_First_Presidential_Debate#start/6324.9/end/6327.6,"I THINK MY STRONGEST ASSET, MAYBE BY FAR, IS MY TEMPERAMENT."
KNTV_20160927_010000_NBC_News_Special_2016_Presidential_Debate_1,KPIX_20160927_010000_CBS_News_The_First_Presidential_Debate,KPIX,CBS,SF/Oakland/SJ,local,CBS_News_The_First_Presidential_Debate,"09/27/2016 02:41:35",5587,6095.5,71.1,https://archive.org/details/KPIX_20160927_010000_CBS_News_The_First_Presidential_Debate#start/6095.5/end/6166.6,"TAKEN CARE OF. >> MR. TRUMP, THIS YEAR SECRETARY CLINTON BECAME THE FIRST WOMAN NOMINATED FOR PRESIDENT BY A MAJOR PARTY. EARLIER THIS MONTH YOU SAID SHE DOESN'T HAVE, ""A PRESIDENTIAL LOOK."" SHE'S STANDING HERE RIGHT NOW. WHAT DID YOU MEAN BY THAT? >> SHE DOESN'T HAVE THE LOOK. SHE DOESN'T HAVE THE STAMINA. I SAID SHE DOESN'T HAVE THE STAMINA. AND I DON'T BELIEVE SHE DOES HAVE THE STAMINA. TO BE PRESIDENT OF THIS COUNTRY, YOU NEED TREMENDOUS STAMINA. >> THE QUOTE WAS ""I JUST DON'T THINK SHE HAS -- >> WAIT A MINUTE. YOU ASKED ME A QUESTION. DID SHE ASK ME A QUESTION? YOU HAVE TO BE ABLE TO NEGOTIATE ON TRADE DEALS. YOU HAVE TO BE ABLE TO NEGOTIATE -- THAT'S RIGHT, WITH JAPAN, WITH SAUDI ARABIA. I MEAN, CAN YOU IMAGINE WE'RE DEFENDING SAUDI ARABIA AND WITH ALL OF THE MONEY THEY HAVE, WE'RE DEFENDING THEM AND THEY'RE NOT PAYING? ALL YOU HAVE TO DO IS SPEAK TO THEM. WAIT, YOU HAVE SO MANY DIFFERENT THINGS YOU HAVE TO BE ABLE TO DO AND I DON'T BELIEVE THAT HILLARY HAS THE STAMINA. >> LET'S LET HER RESPOND. >> WELL, AS SOON AS HE TRAVELS TO 112 COUNTRIES AND NEGOTIATES A PEACE DEAL, A CEASE-FIRE, A RELEASE OF DISSIDENTS, AN OPENING OF NEW OPPORTUNITIES IN"
KNTV_20160927_010000_NBC_News_Special_2016_Presidential_Debate_1,CNNW_20160927_023000_Debate_Night_in_America,CNNW,CNN,SF/Oakland/SJ,cable,Debate_Night_in_America,"09/27/2016 04:28:33",430.3,7113.9,7.5,https://archive.org/details/CNNW_20160927_023000_Debate_Night_in_America#start/7113.9/end/7121.4,"FROM SMALL BUSINESS. WE ALSO HAVE TO MAKE THE ECONOMY FAIRER. THAT STARTS WITH"
KNTV_20160927_010000_NBC_News_Special_2016_Presidential_Debate_1,CNNW_20160927_023000_Debate_Night_in_America,CNNW,CNN,SF/Oakland/SJ,cable,Debate_Night_in_America,"09/27/2016 04:28:52",629.6,7132.1,13,https://archive.org/details/CNNW_20160927_023000_Debate_Night_in_America#start/7132.1/end/7145.1,"RONALD REAGAN. IT'S GOING TO BE A BEAUTIFUL THING TO WATCH. COMPANIES WILL COME. THEY WILL BUILD. THEY WILL EXPAND. NEW COMPANIES WILL START. AND I LOOK VERY, VERY MUCH FORWARD TO DOING IT. WE HAVE TO RENEGOTIATE"
KNTV_20160927_010000_NBC_News_Special_2016_Presidential_Debate_1,CNNW_20160927_023000_Debate_Night_in_America,CNNW,CNN,SF/Oakland/SJ,cable,Debate_Night_in_America,"09/27/2016 03:58:56",1318.4,5336.3,4.5,https://archive.org/details/CNNW_20160927_023000_Debate_Night_in_America#start/5336.3/end/5340.8,"OUT. I WROTE -- >> YOU CALLED IT THE GOLD STANDARD."
KNTV_20160927_010000_NBC_News_Special_2016_Presidential_Debate_1,CNNW_20160927_023000_Debate_Night_in_America,CNNW,CNN,SF/Oakland/SJ,cable,Debate_Night_in_America,"09/27/2016 03:59:25",1332.7,5365.6,4.5,https://archive.org/details/CNNW_20160927_023000_Debate_Night_in_America#start/5365.6/end/5370.1,">> OH, YEAH. >> -- THAT IS NOT THE FACTS. I DID SAY, I HOPED IT WOULD BE A GOOD DEAL. WHEN IT WAS NEGOTIATED --"
KNTV_20160927_010000_NBC_News_Special_2016_Presidential_Debate_1,CNNW_20160927_023000_Debate_Night_in_America,CNNW,CNN,SF/Oakland/SJ,cable,Debate_Night_in_America,"09/27/2016 04:22:02",2034.6,6722.8,7.1,https://archive.org/details/CNNW_20160927_023000_Debate_Night_in_America#start/6722.8/end/6729.9,"SHOWS, READING THE PAPERS, ALMOST EVERY LAWYER SAYS YOU DON'T RELEASE YOUR RETURNS UNTIL THE AUDIT'S"
KNTV_20160927_010000_NBC_News_Special_2016_Presidential_Debate_1,CNNW_20160927_023000_Debate_Night_in_America,CNNW,CNN,SF/Oakland/SJ,cable,Debate_Night_in_America,"09/27/2016 04:22:11",2072.4,6731.8,9.3,https://archive.org/details/CNNW_20160927_023000_Debate_Night_in_America#start/6731.8/end/6741.1,"RETURNS, BUT EVERYONE HAS DONE IT. WE KNOW THE IRS HAS MADE CLEAR THERE IS NO PROHIBITION ON RELEASING IT WHEN YOU'RE UNDER AUDIT. SO YOU'VE GOT TO ASK"
KNTV_20160927_010000_NBC_News_Special_2016_Presidential_Debate_1,CNNW_20160927_023000_Debate_Night_in_America,CNNW,CNN,SF/Oakland/SJ,cable,Debate_Night_in_America,"09/27/2016 03:57:21",2879.5,5241.8,12.2,https://archive.org/details/CNNW_20160927_023000_Debate_Night_in_America#start/5241.8/end/5254,"PRESIDENT. OVER -- ALMOST 4,000 PEOPLE IN CHICAGO HAVE BEEN KILLED. WE HAVE TO BRING BACK LAW AND ORDER. NOW, WHETHER OR NOT IN A PLACE LIKE CHICAGO YOU DO STOP AND FRISK, WHICH WORKED VERY WELL, MAYOR GIULIANI IS HERE, IT WORKED VERY WELL IN NEW YORK."
KNTV_20160927_010000_NBC_News_Special_2016_Presidential_Debate_1,CNNW_20160927_023000_Debate_Night_in_America,CNNW,CNN,SF/Oakland/SJ,cable,Debate_Night_in_America,"09/27/2016 03:57:37",3088.6,5257.7,7.8,https://archive.org/details/CNNW_20160927_023000_Debate_Night_in_America#start/5257.7/end/5265.5,"THEN THERE ARE WAYS THAT ARE INEFFECTIVE. STOP AND FRISK WAS FOUND TO BE UNCONSTITUTIONAL AND"
KNTV_20160927_010000_NBC_News_Special_2016_Presidential_Debate_1,CNNW_20160927_023000_Debate_Night_in_America,CNNW,CNN,SF/Oakland/SJ,cable,Debate_Night_in_America,"09/27/2016 02:49:14",3578.5,1154,42.6,https://archive.org/details/CNNW_20160927_023000_Debate_Night_in_America#start/1154/end/1196.6,"SYDNEY BLUMENTHAL WORKS FOR THE CAMPAIGN AND VERY CLOSE FRIEND OF SECRETARY CLINTON. AND HER CAMPAIGN MANAGER, PATTI DOYLE, WENT TO -- DURING THE CAMPAIGN, HER CAMPAIGN AGAINST PRESIDENT OBAMA, FOUGHT VERY HARD, AND YOU CAN GO LOOK IT UP AND YOU CAN CHECK IT OUT AND IF YOU LOOK AT CNN THIS PAST WEEK, PATTI DOYLE WAS ON ""WOLF BLITZER"" SAYING THAT THIS HAPPENED. BLUMENTHAL SENT McCLATCHY, HIGHLY RESPECTED REPORTER, TO KENYA TO FIND OUT ABOUT IT."
KNTV_20160927_010000_NBC_News_Special_2016_Presidential_Debate_1,CNNW_20160927_023000_Debate_Night_in_America,CNNW,CNN,SF/Oakland/SJ,cable,Debate_Night_in_America,"09/27/2016 02:50:03",3740.4,1203.4,29.5,https://archive.org/details/CNNW_20160927_023000_Debate_Night_in_America#start/1203.4/end/1232.9,">> WELL, JUST LISTEN TO WHAT YOU HEARD. AND CLEARLY AS DONALD JUST ADMITTED, HE KNEW HE WAS GOING TO STAND ON THIS DEBATE STAGE AND LESTER HOLT WAS GOING TO BE ASKING US QUESTIONS, SO HE TRIED TO PUT THE WHOLE RACIST BIRTHER LIE TO BED. IT CAN'T BE DISMISSED THAT EASILY. HE HAS REALLY STARTED HIS POLITICAL ACTIVITY BASED ON THIS RACIST"
KNTV_20160927_010000_NBC_News_Special_2016_Presidential_Debate_1,CNNW_20160927_023000_Debate_Night_in_America,CNNW,CNN,SF/Oakland/SJ,cable,Debate_Night_in_America,"09/27/2016 04:22:58",4486.8,6778.3,5.2,https://archive.org/details/CNNW_20160927_023000_Debate_Night_in_America#start/6778.3/end/6783.5,"AND REALLY WORKING HARD. DONALD SUPPORTED THE INVASION OF IRAQ. >> WRONG."
KNTV_20160927_010000_NBC_News_Special_2016_Presidential_Debate_1,CNNW_20160927_023000_Debate_Night_in_America,CNNW,CNN,SF/Oakland/SJ,cable,Debate_Night_in_America,"09/27/2016 03:27:10",4921.7,3430.5,35.6,https://archive.org/details/CNNW_20160927_023000_Debate_Night_in_America#start/3430.5/end/3466.1,"JUDGMENT THAN SHE DOES. THERE'S NO QUESTION ABOUT THAT. I ALSO HAVE A MUCH BETTER TEMPERAMENT THAN SHE HAS. YOU KNOW? I HAVE A MUCH BETTER -- SHE SPENT, LET ME TELL YOU, SHE SPENT HUNDREDS OF MILLIONS OF DOLLARS ON AN ADVERTISING -- YOU KNOW, THEY GET MADISON AVENUE INTO A ROOM, THEY PUT NAMES -- OH, TEMPERAMENT, LET'S GO AFTER IT. I THINK MY STRONGEST ASSET, MAYBE BY FAR, IS MY TEMPERAMENT. I HAVE A WINNING TEMPERAMENT. I KNOW HOW TO WIN. SHE DOES NOT -- >> SECRETARY CLINTON? >> WAIT. THE AFL-CIO THE OTHER DAY BEHIND THE BLUE SCREEN, I DON'T KNOW WHO YOU WERE TALKING TO, SECRETARY CLINTON, BUT YOU WERE TOTALLY OUT OF CONTROL."
KNTV_20160927_010000_NBC_News_Special_2016_Presidential_Debate_1,CNNW_20160927_023000_Debate_Night_in_America,CNNW,CNN,SF/Oakland/SJ,cable,Debate_Night_in_America,"09/27/2016 04:02:15",5711.9,5535.5,93.6,https://archive.org/details/CNNW_20160927_023000_Debate_Night_in_America#start/5535.5/end/5629.1,"BUT THIS IS A MAN WHO HAS CALLED WOMEN PIGS, SLOBS, AND DOGS AND SOMEONE WHO HAS SAID PREGNANCY IS AN INCONVENIENCE TO EMPLOYERS. WHO HAS SAID -- >> I NEVER SAID THAT. >> WHO HAVE SAID WOMEN DESERVE EQUAL PAY UNLESS THEY DO AS GOOD A JOB AS MEN. >> DIDN'T SAY. >> AND ONE OF THE WORST THINGS HE SAID WAS ABOUT A WOMAN IN A BEAUTY CONTEST. HE LOVES BEAUTY CONTESTS, SUPPORTING THEM AND HANGING AROUND THEM. AND HE CALLED THIS WOMAN MISS PIGGY. THEN HE CALLED HER MISS HOUSEKEEPING BECAUSE SHE WAS LATINA. DONALD, SHE HAS A NAME. >> WHERE DID YOU FIND THIS? WHERE DID YOU FIND THIS? >> HER NAME IS MACHADO AND HAS BECOME A U.S. CITIZEN AND YOU CAN BET SHE'S GOING TO VOTE THIS NOVEMBER. >> OKAY. GOOD. LET ME JUST TELL YOU -- >> MR. TRUMP, TEN SECONDS THEN WE'LL HAVE THE FINAL QUESTION. >> YOU KNOW, HILLARY IS HITTING ME WITH TREMENDOUS COMMERCIALS. SOME OF IT'S SAID IN ENTERTAINMENT, SOME OF IT SAID, SOMEBODY WHO'S BEEN VERY VICIOUS TO ME, ROSIE O'DONNELL, I SAID VERY TOUGH THINGS TO HER AND I THINK EVERYBODY WOULD AGREE THAT SHE DESERVES IT AND NOBODY FEELS SORRY FOR HER. BUT YOU WANT TO KNOW THE TRUTH? I WAS GOING TO SAY SOMETHING -- >> PLEASE, VERY QUICK. >> -- EXTREMELY ROUGH TO HILLARY, TO HER FAMILY AND I SAID TO MYSELF, I CAN'T DO IT. I JUST CAN'T DO IT. IT'S INAPPROPRIATE. IT'S NOT NICE. BUT SHE SPENT HUNDREDS OF MILLIONS OF DOLLARS ON NEGATIVE ADS ON ME. MANY OF WHICH ARE"
KNTV_20160927_010000_NBC_News_Special_2016_Presidential_Debate_1,KTVU_20160927_023000_730p_News_on_KTVU,KTVU,FOX,SF/Oakland/SJ,local,730p_News_on_KTVU,"09/27/2016 02:46:18",480.9,978,16,https://archive.org/details/KTVU_20160927_023000_730p_News_on_KTVU#start/978/end/994,"AND CLOSE THE CORPORATE LOOPHOLES. FINALLY WE TONIGHT ARE ON THE STAGE TOGETHER, DONALD TRUMP AND I. DONALD, IT'S GOOD TO BE WITH YOU. WE'RE GOING TO HAVE A DEBATE WHERE WE ARE TALKING ABOUT THE IMPORTANT ISSUES FACING OUR COUNTRY. YOU HAVE TO JUDGE US."
KNTV_20160927_010000_NBC_News_Special_2016_Presidential_Debate_1,KTVU_20160927_023000_730p_News_on_KTVU,KTVU,FOX,SF/Oakland/SJ,local,730p_News_on_KTVU,"09/27/2016 02:46:36",827.4,996.5,5.1,https://archive.org/details/KTVU_20160927_023000_730p_News_on_KTVU#start/996.5/end/1001.6,"BUT THE POLITICIANS HAVEN'T DONE ANYTHING ABOUT IT. NOW, IN ALL FAIRNESS TO SECRETARY CLINTON,"
KNTV_20160927_010000_NBC_News_Special_2016_Presidential_Debate_1,KTVU_20160927_023000_730p_News_on_KTVU,KTVU,FOX,SF/Oakland/SJ,local,730p_News_on_KTVU,"09/27/2016 02:47:42",1550.9,1062,14.5,https://archive.org/details/KTVU_20160927_023000_730p_News_on_KTVU#start/1062/end/1076.5,"DOUGLAS MacARTHUR WOULD LIKE THAT TOO MUCH. >> THE NEXT SEGMENT -- >> AT LEAST I HAVE A PLAN TO FIGHT ISIS. >> NO, NO, YOU'RE TELLING THE ENEMY EVERYTHING I WANT TO DO. >> NO, WE'RE NOT. >> SEE, YOU TELLING THE ENEMY EVERYTHING YOU WANT TO DO. NO WONDER YOU'VE, FIGHTING -- NO WONDER YOU'VE BEEN FIGHTING ISIS YOUR ENTIRE ADULT LIFE."
KNTV_20160927_010000_NBC_News_Special_2016_Presidential_Debate_1,KTVU_20160927_023000_730p_News_on_KTVU,KTVU,FOX,SF/Oakland/SJ,local,730p_News_on_KTVU,"09/27/2016 02:48:01",1581.7,1081,3,https://archive.org/details/KTVU_20160927_023000_730p_News_on_KTVU#start/1081/end/1084,"THE WEALTHY. SECRETARY CLINTON, YOU'RE CALLING FOR A TAX INCREASE ON THE"
KNTV_20160927_010000_NBC_News_Special_2016_Presidential_Debate_1,KTVU_20160927_023000_730p_News_on_KTVU,KTVU,FOX,SF/Oakland/SJ,local,730p_News_on_KTVU,"09/27/2016 02:53:33",1684,1413.7,13,https://archive.org/details/KTVU_20160927_023000_730p_News_on_KTVU#start/1413.7/end/1426.7,"INNER CITIES AND LOTS OF OTHER THINGS AND IT WOULD BE BEAUTIFUL BUT WE HAVE NO LEADERSHIP AND HONESTLY, THAT STARTS WITH SECRETARY CLINTON. >> ALL RIGHT. YOU HAVE IS TWO MINUTES OF THE SAME QUESTION TO DEFEND TAX INCREASES ON THE WEALTHIEST AMERICANS,"
KNTV_20160927_010000_NBC_News_Special_2016_Presidential_Debate_1,KTVU_20160927_023000_730p_News_on_KTVU,KTVU,FOX,SF/Oakland/SJ,local,730p_News_on_KTVU,"09/27/2016 02:55:23",5642.9,1523.3,18.5,https://archive.org/details/KTVU_20160927_023000_730p_News_on_KTVU#start/1523.3/end/1541.8,"RESPOND. >> WELL, AS SOON AS HE TRAVELS TO 112 COUNTRIES AND NEGOTIATES A PEACE DEAL, A CEASE-FIRE, A RELEASE OF DISSIDENTS, AN OPENING OF NEW OPPORTUNITIES IN NATIONS AROUND THE WORLD, OR EVEN SPENDS"
KNTV_20160927_010000_NBC_News_Special_2016_Presidential_Debate_1,FOXNEWSW_20160927_030000_The_Kelly_File,FOXNEWSW,"FOX News",SF/Oakland/SJ,cable,The_Kelly_File,"09/27/2016 03:01:07",493.6,67.2,3.8,https://archive.org/details/FOXNEWSW_20160927_030000_The_Kelly_File#start/67.2/end/71,"IMPORTANT ISSUES FACING OUR COUNTRY. YOU HAVE TO JUDGE US."
KNTV_20160927_010000_NBC_News_Special_2016_Presidential_Debate_1,FOXNEWSW_20160927_030000_The_Kelly_File,FOXNEWSW,"FOX News",SF/Oakland/SJ,cable,The_Kelly_File,"09/27/2016 03:29:36",1156.3,1776.4,4,https://archive.org/details/FOXNEWSW_20160927_030000_The_Kelly_File#start/1776.4/end/1780.4,"THEY'RE GONE. AND HILLARY, I JUST ASK YOU THIS, YOU'VE"
KNTV_20160927_010000_NBC_News_Special_2016_Presidential_Debate_1,FOXNEWSW_20160927_030000_The_Kelly_File,FOXNEWSW,"FOX News",SF/Oakland/SJ,cable,The_Kelly_File,"09/27/2016 03:01:23",1253.1,83.6,15.1,https://archive.org/details/FOXNEWSW_20160927_030000_The_Kelly_File#start/83.6/end/98.7,"REALLY WORK TO GET NEW JOBS AND TO GET EXPORTS THAT HELP TO CREATE MORE NEW JOBS. >> VERY QUICKLY -- >> YOU HAVEN'T DONE IT IN 30 YEARS OR 26 YEARS. >> I'VE BEEN A SENATOR, DONALD. >> YOU HAVEN'T DONE IT."
KNTV_20160927_010000_NBC_News_Special_2016_Presidential_Debate_1,FOXNEWSW_20160927_030000_The_Kelly_File,FOXNEWSW,"FOX News",SF/Oakland/SJ,cable,The_Kelly_File,"09/27/2016 03:29:46",1265,1786.1,5,https://archive.org/details/FOXNEWSW_20160927_030000_The_Kelly_File#start/1786.1/end/1791.1,">> I'VE BEEN A SENATOR, DONALD. >> YOU HAVEN'T DONE IT. YOU HAVEN'T DONE IT. >> I'VE BEEN SECRETARY"
KNTV_20160927_010000_NBC_News_Special_2016_Presidential_Debate_1,FOXNEWSW_20160927_030000_The_Kelly_File,FOXNEWSW,"FOX News",SF/Oakland/SJ,cable,The_Kelly_File,"09/27/2016 03:29:53",1297.3,1793.8,24.5,https://archive.org/details/FOXNEWSW_20160927_030000_The_Kelly_File#start/1793.8/end/1818.3,"YOU WERE TOTALLY IN FAVOR OF IT THEN HEARD WHAT I WAS SAYING HOW BAD IT IS AND SAID I CAN'T WIN THAT DEBATE. YUAN IF Y YOU KNOW IF YOU DID WIN, YOU WOULD APPROVE THAT AND ALMOST BE AS BAD AS NAFTA. NOTHING WILL TOP NANAFA. >> THAT IS NOT ACCURATE. I WAS AGAINST IT ONCE IT WAS FINALLY NEGOTIATED. THE TERMS WERE LAID OUT. I WROTE -- >> YOU CALLED IT THE GOLD STANDARD."
KNTV_20160927_010000_NBC_News_Special_2016_Presidential_Debate_1,FOXNEWSW_20160927_030000_The_Kelly_File,FOXNEWSW,"FOX News",SF/Oakland/SJ,cable,The_Kelly_File,"09/27/2016 03:01:44",1541.9,104.8,19.9,https://archive.org/details/FOXNEWSW_20160927_030000_The_Kelly_File#start/104.8/end/124.7,"DIFFERENT THAN THIS. SHE'S TELLING US HOW TO FIGHT ISIS. GO TO HER WEBSITE. SHE TELLS YOU HOW TO FIGHT ISIS ON HER WEBSITE. I DON'T THINK GENERAL DOUGLAS MacARTHUR WOULD LIKE THAT TOO MUCH. >> THE NEXT SEGMENT -- >> AT LEAST I HAVE A PLAN TO FIGHT ISIS. >> NO, NO, YOU'RE TELLING THE ENEMY EVERYTHING I WANT TO DO. >> NO, WE'RE NOT. >> SEE, YOU TELLING THE ENEMY EVERYTHING"
KNTV_20160927_010000_NBC_News_Special_2016_Presidential_Debate_1,FOXNEWSW_20160927_030000_The_Kelly_File,FOXNEWSW,"FOX News",SF/Oakland/SJ,cable,The_Kelly_File,"09/27/2016 03:52:11",1904.7,3131.7,6,https://archive.org/details/FOXNEWSW_20160927_030000_The_Kelly_File#start/3131.7/end/3137.7,"AND ANY BUSINESS CONFLICTS. DON'T AMERICANS HAVE A RIGHT TO KNOW IF THERE ARE ANY CONFLICTS OF INTEREST?"
KNTV_20160927_010000_NBC_News_Special_2016_Presidential_Debate_1,FOXNEWSW_20160927_030000_The_Kelly_File,FOXNEWSW,"FOX News",SF/Oakland/SJ,cable,The_Kelly_File,"09/27/2016 03:52:20",1972.4,3140.5,14.7,https://archive.org/details/FOXNEWSW_20160927_030000_The_Kelly_File#start/3140.5/end/3155.2,"ARE POLITICAL HACKS NEGOTIATING OUR TRADE DEALS. >> THE IRS SAYS AN AUDIT OF YOUR TAXES -- YOU'RE PERFECTLY FREE TO RELEASE YOUR TAXES DURING AN AUDIT. SO THE QUESTION, DOES THE PUBLIC'S RIGHT TO KNOW OUTWEIGH YOUR PERSONAL -- >> WELL, I TOLD YOU, I"
KNTV_20160927_010000_NBC_News_Special_2016_Presidential_Debate_1,FOXNEWSW_20160927_030000_The_Kelly_File,FOXNEWSW,"FOX News",SF/Oakland/SJ,cable,The_Kelly_File,"09/27/2016 03:52:38",2010.8,3158,12.6,https://archive.org/details/FOXNEWSW_20160927_030000_The_Kelly_File#start/3158/end/3170.6,"THIS COUNTRY THAT HAS TO BE TAKEN CARE OF. I WILL RELEASE MY TAX RETURNS AGAINST MY LAWYER'S WISHES. WHEN SHE RELEASES HER HAVE BEEN DELETED. AS SOON AS SHE"
KNTV_20160927_010000_NBC_News_Special_2016_Presidential_Debate_1,FOXNEWSW_20160927_030000_The_Kelly_File,FOXNEWSW,"FOX News",SF/Oakland/SJ,cable,The_Kelly_File,"09/27/2016 03:21:57",2080.6,1317.8,31.7,https://archive.org/details/FOXNEWSW_20160927_030000_The_Kelly_File#start/1317.8/end/1349.5,"YOU'RE UNDER AUDIT. SO YOU'VE GOT TO ASK YOURSELF, WHY WON'T HE RELEASE HIS TAX RETURNS? AND I THINK THERE MAY BE A COUPLE OF REASONS. FIRST, MAYBE HE'S NOT AS RICH AS HE SAYS HE IS. SECOND, MAYBE HE'S NOT AS CHARITABLE AS HE CLAIMS TO BE. THIRD, WE DON'T KNOW ALL OF HIS BUSINESS DEALINGS, BUT WE HAVE BEEN TOLD THROUGH INVESTIGATIVE REPORTING THAT HE OWES ABOUT $650 MILLION TO WALL STREET AND FOREIGN BANKS. OR MAYBE HE DOESN'T WANT THE AMERICAN"
KNTV_20160927_010000_NBC_News_Special_2016_Presidential_Debate_1,FOXNEWSW_20160927_030000_The_Kelly_File,FOXNEWSW,"FOX News",SF/Oakland/SJ,cable,The_Kelly_File,"09/27/2016 03:02:09",2166.7,129.3,4.2,https://archive.org/details/FOXNEWSW_20160927_030000_The_Kelly_File#start/129.3/end/133.5,"AMERICAN PEOPLE DESERVE TO SEE AND I HAVE NO REASON TO BELIEVE THAT HE'S EVER"
KNTV_20160927_010000_NBC_News_Special_2016_Presidential_Debate_1,FOXNEWSW_20160927_030000_The_Kelly_File,FOXNEWSW,"FOX News",SF/Oakland/SJ,cable,The_Kelly_File,"09/27/2016 03:10:04",2198.2,604.7,35,https://archive.org/details/FOXNEWSW_20160927_030000_The_Kelly_File#start/604.7/end/639.7,">> I DO. YOU KNOW, I MADE A MISTAKE USING A PRIVATE E-MAIL. >> THAT'S FOR SURE. >> AND IF I HAD TO DO IT OVER AGAIN, I WOULD OBVIOUSLY DO IT DIFFERENTLY, BUT I'M NOT GOING TO MAKE ANY EXCUSES. IT WAS A MISTAKE AND I TAKE RESPONSIBILITY FOR THAT. >> MR. TRUMP? >> THAT WAS MORE THAN A MISTAKE. THAT WAS DONE PURPOSELY. OKAY? THAT WAS NOT A MISTAKE. THAT WAS DONE PURPOSELY. WHEN YOU HAVE YOUR STAFF TAKING THE 5th AMENDMENT, TAKING THE PROSECUTED, WHEN YOU HAVE THE MAN THAT SET UP THE ILLEGAL SERVER TAKING THE 5th, I"
KNTV_20160927_010000_NBC_News_Special_2016_Presidential_Debate_1,FOXNEWSW_20160927_030000_The_Kelly_File,FOXNEWSW,"FOX News",SF/Oakland/SJ,cable,The_Kelly_File,"09/27/2016 03:36:29",2382.7,2189.2,17.6,https://archive.org/details/FOXNEWSW_20160927_030000_The_Kelly_File#start/2189.2/end/2206.8,"IMPORTANT -- >> IT WOULD BE SQUANDERED, TOO, BELIEVE ME. >> -- IS IF YOUR MAIN CLAIM TO BE PRESIDENT OF THE UNITED STATES IS YOUR BUSINESS, THEN I THINK WE SHOULD TALK ABOUT THAT. YOU KNOW, YOUR CAMPAIGN MANAGER SAID THAT YOU BUILT A LOT OF BUSINESSES ON THE BACKS OF LITTLE GUYS, AND INDEED, I HAVE MET"
KNTV_20160927_010000_NBC_News_Special_2016_Presidential_Debate_1,FOXNEWSW_20160927_030000_The_Kelly_File,FOXNEWSW,"FOX News",SF/Oakland/SJ,cable,The_Kelly_File,"09/27/2016 03:36:50",2422.9,2210.3,27.3,https://archive.org/details/FOXNEWSW_20160927_030000_The_Kelly_File#start/2210.3/end/2237.6,"WORK THAT YOU ASKED THEM TO DO. WE HAVE AN ARCHITECT IN THE AUDIENCE WHO DESIGNED ONE OF YOUR CLUBHOUSES AT ONE OF YOUR GOLF COURSES. IT'S A BEAUTIFUL FACILITY. IT IMMEDIATELY WAS PUT TO USE. AND YOU WOULDN'T PAY WHAT THE MAN NEEDED TO BE PAID WHAT HE WAS CHARGING YOU -- >> MAYBE HE DIDN'T DO A GOOD JOB AND I WAS UNSATISFIED WITH HIS WORK WHICH OUR COUNTRY SHOULD DO, TOO. >> THE THOUSANDS OF PEOPLE THAT YOU HAVE STIFFED OVER THE COURSE OF YOUR"
KNTV_20160927_010000_NBC_News_Special_2016_Presidential_Debate_1,FOXNEWSW_20160927_030000_The_Kelly_File,FOXNEWSW,"FOX News",SF/Oakland/SJ,cable,The_Kelly_File,"09/27/2016 03:37:21",2537.9,2241.7,21.9,https://archive.org/details/FOXNEWSW_20160927_030000_The_Kelly_File#start/2241.7/end/2263.6,"THAT ARE THERE AND WHEN SECRETARY CLINTON TALKS ABOUT PEOPLE THAT DIDN'T GET PAID, FIRST OF ALL, THEY DID GET PAID A LOT, BUT TAKING ADVANTAGE OF THE LAWS OF THE NATION. NOW, IF YOU WANT TO CHANGE THE LAWS, YOU'VE BEEN THERE A LONG TIME, CHANGE THE LAW. BUT I TAKE ADVANTAGE OF THE LAWS OF THE NATION BECAUSE I'M RUNNING A COMPANY, MY"
KNTV_20160927_010000_NBC_News_Special_2016_Presidential_Debate_1,FOXNEWSW_20160927_030000_The_Kelly_File,FOXNEWSW,"FOX News",SF/Oakland/SJ,cable,The_Kelly_File,"09/27/2016 03:02:31",3232.3,151.8,10.8,https://archive.org/details/FOXNEWSW_20160927_030000_The_Kelly_File#start/151.8/end/162.6,">> SECRETARY CLINTON, LAST WEEK YOU SAID WE'VE GOT DO EVERYTHING POSSIBLE TO IMPROVE POLICING TO GO RIGHT AT IMPLICIT BIAS. DO YOU BELIEVE THAT POLICE ARE IMPLICITLY BIASED AGAINST BLACK"
KNTV_20160927_010000_NBC_News_Special_2016_Presidential_Debate_1,FOXNEWSW_20160927_030000_The_Kelly_File,FOXNEWSW,"FOX News",SF/Oakland/SJ,cable,The_Kelly_File,"09/27/2016 03:26:36",3396.3,1596.2,18.9,https://archive.org/details/FOXNEWSW_20160927_030000_The_Kelly_File#start/1596.2/end/1615.1,"TERMINATED BY CURRENT MAYOR. BUT STOP AND FRISK HAD A TREMENDOUS IMPACT ON THE SAFETY OF NEW YORK CITY, TREMENDOUS BEYOND BELIEF. SO WHEN YOU SAY IT HAS NO IMPACT, IT REALLY DID. IT HAD A VERY, VERY BIG IMPACT. >> WELL, IT'S ALSO FAIR TO SAY, IF WE'RE GOING TO TALK ABOUT MAYORS, THAT UNDER THE CURRENT MAYOR, CRIME HAS CONTINUED TO DROP"
KNTV_20160927_010000_NBC_News_Special_2016_Presidential_Debate_1,FOXNEWSW_20160927_030000_The_Kelly_File,FOXNEWSW,"FOX News",SF/Oakland/SJ,cable,The_Kelly_File,"09/27/2016 03:17:46",4755.1,1066.9,25.8,https://archive.org/details/FOXNEWSW_20160927_030000_The_Kelly_File#start/1066.9/end/1092.7,"FAST. WHEN ISIS FORMED IN THIS VACUUM CREATED BY BARACK OBAMA AND SECRETARY CLINTON, AND BELIEVE ME, YOU WERE THE ONES THAT TOOK OUT THE TROOPS. NOT ONLY THAT, YOU NAMED THE DAY. THEY COULDN'T BELIEVE IT. THEY SAT BACK PROBABLY AND SAID -- >> LESTER, WE COVERED THIS -- >> WAIT A MINUTE. THEY SAID WAIT A MINUTE, WHEN THEY FORMED, THIS IS SOMETHING THAT NEVER SHOULD HAVE HAPPENED. IT NEVER SHOULD HAVE HAPPENED. NOW YOU'RE TALKING"
KNTV_20160927_010000_NBC_News_Special_2016_Presidential_Debate_1,FOXNEWSW_20160927_030000_The_Kelly_File,FOXNEWSW,"FOX News",SF/Oakland/SJ,cable,The_Kelly_File,"09/27/2016 03:44:37",4789.1,2677.7,35.7,https://archive.org/details/FOXNEWSW_20160927_030000_The_Kelly_File#start/2677.7/end/2713.4,"I DON'T THINK SO. >> MR. TRUMP, WITH A LOT OF THESE ARE JUDGMENT QUESTIONS. YOU HAD SUPPORTED THE WAR IN IRAQ BEFORE THE INVASION. WHAT MAKES YOUR -- >> I DID NOT SUPPORT THE WAR IN IRAQ. >> 2002 -- >> THAT IS A MAINSTREAM MEDIA NONSENSE PUT OUT BY HER BECAUSE SHE FRANKLY I THINK THE BEST PERSON IN HER CAMPAIGN IS MAINSTREAM MEDIA. >> MY QUESTION -- >> WOULD YOU LIKE TO HEAR? I WAS AGAINST -- WAIT A MINUTE. I WAS AGAINST THE WAR IN IRAQ. JUST SO YOU PUT IT OUT. >> THE RECORD SHOWS OTHERWISE. WHY -- >> THE RECORD DOES NOT SHOW -- >> WHY IS YOUR JUDGMENT ANY -- >> THE RECORD SHOWS THAT I'M RIGHT. WHEN I DID AN INTERVIEW WITH HOWARD STERN, VERY LIKELY"
KNTV_20160927_010000_NBC_News_Special_2016_Presidential_Debate_1,BLOOMBERG_20160927_030000_Asia_Edge,BLOOMBERG,Bloomberg,SF/Oakland/SJ,cable,Asia_Edge,"09/27/2016 03:17:41",661.4,1061.7,19.1,https://archive.org/details/BLOOMBERG_20160927_030000_Asia_Edge#start/1061.7/end/1080.8,"DEALS. WE ALSO, THOUGH, NEED TO HAVE A TAX SYSTEM THAT REWARDS WORK AND NOT JUST FINANCIAL TRANSACTIONS. AND THE KIND OF PLAN THAT DONALD HAS PUT FORTH WOULD BE TRICKLE-DOWN ECONOMICS ALL OVER AGAIN, IN FACT, IT WOULD BE THE MOST EXTREME VERSION,"
KNTV_20160927_010000_NBC_News_Special_2016_Presidential_Debate_1,BLOOMBERG_20160927_030000_Asia_Edge,BLOOMBERG,Bloomberg,SF/Oakland/SJ,cable,Asia_Edge,"09/27/2016 03:18:04",1667.8,1084.7,16.6,https://archive.org/details/BLOOMBERG_20160927_030000_Asia_Edge#start/1084.7/end/1101.3,"REPUBLICANS AND DEMOCRATS AGREE THAT THIS SHOULD BE DONE. $2.5 TRILLION. I HAPPEN TO THINK IT'S DOUBLE THAT. PROBABLY $5 TRILLION THAT WE CAN BRING INTO OUR COUNTRY, LESTER, AND WITH A LITTLE LEADERSHIP YOU'D GET IT IN HERE VERY QUICKLY AND IT COULD BE PUT TO USE ON THE INNER CITIES AND LOTS OF OTHER THINGS AND IT"
KNTV_20160927_010000_NBC_News_Special_2016_Presidential_Debate_1,BLOOMBERG_20160927_030000_Asia_Edge,BLOOMBERG,Bloomberg,SF/Oakland/SJ,cable,Asia_Edge,"09/27/2016 03:47:23",1865.4,2843.6,18.6,https://archive.org/details/BLOOMBERG_20160927_030000_Asia_Edge#start/2843.6/end/2862.2,"THIS JANET YELLEN OF THE FED, THE FED IS DOING POLITICAL BY KEEPING THE INTEREST RATES AT THIS LEVEL, AND BELIEVE ME, THE DAY OBAMA GOES OFF AND HE LEAVES AND GOES OUT TO THE GOLF COURSE FOR THE REST OF HIS LIFE TO PLAY GOLF, WHEN THEY RAISE INTEREST RATES, YOU'RE GOING TO SEE SOME VERY BAD THINGS HAPPEN BECAUSE THE FED IS NOT DOING THEIR JOB."
KNTV_20160927_010000_NBC_News_Special_2016_Presidential_Debate_1,BLOOMBERG_20160927_030000_Asia_Edge,BLOOMBERG,Bloomberg,SF/Oakland/SJ,cable,Asia_Edge,"09/27/2016 03:47:46",2398.8,2866.9,20.7,https://archive.org/details/BLOOMBERG_20160927_030000_Asia_Edge#start/2866.9/end/2887.6,"BACKS OF LITTLE GUYS, AND INDEED, I HAVE MET A LOT OF THE PEOPLE WHO WERE STIFFED BY YOU AND YOUR BUSINESSES, DONALD. I'VE MET DISHWASHERS, PAINTERS, ARCHITECTS, GLASS INSTALLERS, MARBLE INSTALLERS, DRAPERY INSTALLERS LIKE MY DAD WAS, WHO YOU REFUSED TO PAY"
KNTV_20160927_010000_NBC_News_Special_2016_Presidential_Debate_1,FOXNEWSW_20160927_040000_Hannity,FOXNEWSW,"FOX News",SF/Oakland/SJ,cable,Hannity,"09/27/2016 04:14:07",1156.7,847.4,14,https://archive.org/details/FOXNEWSW_20160927_040000_Hannity#start/847.4/end/861.4,"THEY'RE GONE. AND HILLARY, I JUST ASK YOU THIS, YOU'VE BEEN DOING THIS FOR 30 YEARS. WHY ARE YOU JUST THINKING ABOUT THESE SOLUTIONS RIGHT NOW? FOR 30 YEARS YOU'VE BEEN DOING IT AND NOW YOU'RE JUST STARTING TO THINK OF SOLUTIONS. >> WELL, ACTUALLY --"
KNTV_20160927_010000_NBC_News_Special_2016_Presidential_Debate_1,FOXNEWSW_20160927_040000_Hannity,FOXNEWSW,"FOX News",SF/Oakland/SJ,cable,Hannity,"09/27/2016 04:18:09",2012.7,1089.2,34.8,https://archive.org/details/FOXNEWSW_20160927_040000_Hannity#start/1089.2/end/1124,"I WILL RELEASE MY TAX RETURNS AGAINST MY LAWYER'S WISHES. WHEN SHE RELEASES HER HAVE BEEN DELETED. AS SOON AS SHE RELEASES THEM, I WILL RELEASE -- I WILL RELEASE MY TAX RETURNS AND THAT'S AGAINST, MY LAWYERS THEY SAY DON'T DO IT. I WILL TELL YOU THIS. IN FACT, WATCHING SHOWS, READING THE PAPERS, ALMOST EVERY LAWYER SAYS YOU DON'T RELEASE YOUR RETURNS UNTIL THE AUDIT'S COMPLETE. WHEN THE AUDIT'S COMPLETE, I'LL DO IT BUT I WOULD GO AGAINST THEM IF SHE RELEASES HER E-MAILS >> SO IT'S NEGOTIABLE?"
KNTV_20160927_010000_NBC_News_Special_2016_Presidential_Debate_1,FOXNEWSW_20160927_040000_Hannity,FOXNEWSW,"FOX News",SF/Oakland/SJ,cable,Hannity,"09/27/2016 04:27:35",2796,1655.8,16.2,https://archive.org/details/FOXNEWSW_20160927_040000_Hannity#start/1655.8/end/1672,"THAT'S LAW AND ORDER. WE NEED LAW AND ORDER. IF WE DON'T HAVE IT, WE'RE NOT GOING TO HAVE A COUNTRY, AND WHEN I LOOK AT WHAT'S GOING ON IN CHARLOTTE, A CITY I LOVE, A CITY WHERE I HAVE INVESTMENTS, WHEN I LOOK AT WHAT'S GOING ON THROUGHOUT VARIOUS PARTS OF OUR COUNTRY, WHETHER IT'S -- I MEAN, I CAN JUST KEEP"
KNTV_20160927_010000_NBC_News_Special_2016_Presidential_Debate_1,FOXNEWSW_20160927_040000_Hannity,FOXNEWSW,"FOX News",SF/Oakland/SJ,cable,Hannity,"09/27/2016 04:27:54",2830.9,1674.2,9.8,https://archive.org/details/FOXNEWSW_20160927_040000_Hannity#start/1674.2/end/1684,"VERY -- I MEAN, A LARGE PERCENTAGE OF THEM IN THE UNITED STATES. WE HAVE A SITUATION WHERE WE HAVE OUR INNER CITIES, AFRICAN-AMERICANS,"
KNTV_20160927_010000_NBC_News_Special_2016_Presidential_Debate_1,FOXNEWSW_20160927_040000_Hannity,FOXNEWSW,"FOX News",SF/Oakland/SJ,cable,Hannity,"09/27/2016 04:40:42",5673.1,2442.3,26.7,https://archive.org/details/FOXNEWSW_20160927_040000_Hannity#start/2442.3/end/2469,"BUT IT'S BAD EXPERIENCE. WE HAVE MADE SO MANY BAD DEALS DURING THE LAST -- SO SHE'S GOT EXPERIENCE THAT I AGREE, BUT IT'S BAD, BAD EXPERIENCE. WHETHER IT'S THE IRAN DEAL THAT YOU'RE SO IN LOVE WITH WHERE WE GAVE THEM $150 BILLION BACK. WHETHER IT'S THE IRAN DEAL, WHETHER IT'S ANYTHING YOU -- YOU ALMOST CAN'T NAME A GOOD DEAL. I AGREE, SHE'S GOT EXPERIENCE, BUT IT'S BAD EXPERIENCE."
KNTV_20160927_010000_NBC_News_Special_2016_Presidential_Debate_1,FBC_20160927_023000_Cavuto_Coast_to_Coast,FBC,"FOX Business",SF/Oakland/SJ,cable,Cavuto_Coast_to_Coast,"09/27/2016 04:18:56",1251.5,6536,18.3,https://archive.org/details/FBC_20160927_023000_Cavuto_Coast_to_Coast#start/6536/end/6554.3,"CHINA 50%. SO I KNOW HOW TO REALLY WORK TO GET NEW JOBS AND TO GET EXPORTS THAT HELP TO CREATE MORE NEW JOBS. >> VERY QUICKLY -- >> YOU HAVEN'T DONE IT IN 30 YEARS OR 26 YEARS. >> I'VE BEEN A SENATOR, DONALD. >> YOU HAVEN'T DONE IT. YOU HAVEN'T DONE IT."
KNTV_20160927_010000_NBC_News_Special_2016_Presidential_Debate_1,FBC_20160927_023000_Cavuto_Coast_to_Coast,FBC,"FOX Business",SF/Oakland/SJ,cable,Cavuto_Coast_to_Coast,"09/27/2016 04:19:19",1285.6,6559.4,16.5,https://archive.org/details/FBC_20160927_023000_Cavuto_Coast_to_Coast#start/6559.4/end/6575.9,"NA N NAFTA IS THE WORST TRADE DEAL SIGNED ANYWHERE, IN THIS COUNTRY. NOW YOU WANT TO APPROVE TRANS-PACIFIC PARTNERSHIP. YOU WERE TOTALLY IN FAVOR OF IT THEN HEARD WHAT I WAS SAYING HOW BAD IT IS AND SAID I CAN'T WIN THAT DEBATE."
KNTV_20160927_010000_NBC_News_Special_2016_Presidential_Debate_1,FBC_20160927_023000_Cavuto_Coast_to_Coast,FBC,"FOX Business",SF/Oakland/SJ,cable,Cavuto_Coast_to_Coast,"09/27/2016 03:50:00",1317.2,4800.2,5,https://archive.org/details/FBC_20160927_023000_Cavuto_Coast_to_Coast#start/4800.2/end/4805.2,"THE TERMS WERE LAID OUT. I WROTE -- >> YOU CALLED IT THE GOLD STANDARD."
KNTV_20160927_010000_NBC_News_Special_2016_Presidential_Debate_1,FBC_20160927_023000_Cavuto_Coast_to_Coast,FBC,"FOX Business",SF/Oakland/SJ,cable,Cavuto_Coast_to_Coast,"09/27/2016 04:40:11",1695.8,7811.3,17.5,https://archive.org/details/FBC_20160927_023000_Cavuto_Coast_to_Coast#start/7811.3/end/7828.8,"WEALTHIEST AMERICANS, SECRETARY CLINTON. >> I HAVE A FEELING BY THE END OF THIS EVENING I'M GOING TO BE BLAMED FOR EVERYTHING THAT'S EVER HAPPENED. >> WHY NOT. >> WHY NOT, YEAH. WHY NOT. YOU KNOW, JUST JOIN THE DEBATE BY SAYING MORE CRAZY THINGS. NOW -- >> HEY, THERE'S NOTHING CRAZY ABOUT"
KNTV_20160927_010000_NBC_News_Special_2016_Presidential_Debate_1,FBC_20160927_023000_Cavuto_Coast_to_Coast,FBC,"FOX Business",SF/Oakland/SJ,cable,Cavuto_Coast_to_Coast,"09/27/2016 04:24:02",2010.8,6842,12.5,https://archive.org/details/FBC_20160927_023000_Cavuto_Coast_to_Coast#start/6842/end/6854.5,"THIS COUNTRY THAT HAS TO BE TAKEN CARE OF. I WILL RELEASE MY TAX RETURNS AGAINST MY LAWYER'S WISHES. WHEN SHE RELEASES HER HAVE BEEN DELETED. AS SOON AS SHE"
KNTV_20160927_010000_NBC_News_Special_2016_Presidential_Debate_1,FBC_20160927_023000_Cavuto_Coast_to_Coast,FBC,"FOX Business",SF/Oakland/SJ,cable,Cavuto_Coast_to_Coast,"09/27/2016 02:58:23",2355.7,1703,14,https://archive.org/details/FBC_20160927_023000_Cavuto_Coast_to_Coast#start/1703/end/1717,"IT'S REALLY A SHAME. IT'S POLITICIANS LIKE SECRETARY CLINTON THAT HAVE CAUSED THIS PROBLEM. OUR COUNTRY HAS TREMENDOUS PROBLEMS. WE'RE A DEBTOR NATION. WE'RE A SERIOUS DEBTOR NATION. AND WE HAVE A COUNTRY THAT NEEDS NEW ROADS, NEW TUNNELS, NEW BRIDGES, NEW AIRPORTS, NEW SCHOOLS, NEW"
KNTV_20160927_010000_NBC_News_Special_2016_Presidential_Debate_1,FBC_20160927_023000_Cavuto_Coast_to_Coast,FBC,"FOX Business",SF/Oakland/SJ,cable,Cavuto_Coast_to_Coast,"09/27/2016 03:30:02",4812.9,3602.2,19.8,https://archive.org/details/FBC_20160927_023000_Cavuto_Coast_to_Coast#start/3602.2/end/3622,"A MINUTE. I WAS AGAINST THE WAR IN IRAQ. JUST SO YOU PUT IT OUT. >> THE RECORD SHOWS OTHERWISE. WHY -- >> THE RECORD DOES NOT SHOW -- >> WHY IS YOUR JUDGMENT ANY -- >> THE RECORD SHOWS THAT I'M RIGHT. WHEN I DID AN INTERVIEW WITH HOWARD STERN, VERY LIKELY FIRST TIME ANYONE'S ASKED ME THAT, I SAID, VERY LIKEL LI"
KNTV_20160927_010000_NBC_News_Special_2016_Presidential_Debate_1,BLOOMBERG_20160927_023000_Bloomberg_Politics_Election_2016,BLOOMBERG,Bloomberg,SF/Oakland/SJ,cable,Bloomberg_Politics_Election_2016,"09/27/2016 02:57:39",1540.8,1659.1,23.7,https://archive.org/details/BLOOMBERG_20160927_023000_Bloomberg_Politics_Election_2016#start/1659.1/end/1682.8,"DIFFERENT THAN THIS. SHE'S TELLING US HOW TO FIGHT ISIS. GO TO HER WEBSITE. SHE TELLS YOU HOW TO FIGHT ISIS ON HER WEBSITE. I DON'T THINK GENERAL DOUGLAS MacARTHUR WOULD LIKE THAT TOO MUCH. >> THE NEXT SEGMENT -- >> AT LEAST I HAVE A PLAN TO FIGHT ISIS. >> NO, NO, YOU'RE TELLING THE ENEMY EVERYTHING I WANT TO DO. >> NO, WE'RE NOT. >> SEE, YOU TELLING THE ENEMY EVERYTHING YOU WANT TO DO. NO WONDER YOU'VE, FIGHTING -- NO WONDER YOU'VE BEEN FIGHTING"
KNTV_20160927_010000_NBC_News_Special_2016_Presidential_Debate_1,BLOOMBERG_20160927_023000_Bloomberg_Politics_Election_2016,BLOOMBERG,Bloomberg,SF/Oakland/SJ,cable,Bloomberg_Politics_Election_2016,"09/27/2016 02:59:32",4925,1772.5,31.9,https://archive.org/details/BLOOMBERG_20160927_023000_Bloomberg_Politics_Election_2016#start/1772.5/end/1804.4,"I ALSO HAVE A MUCH BETTER TEMPERAMENT THAN SHE HAS. YOU KNOW? I HAVE A MUCH BETTER -- SHE SPENT, LET ME TELL YOU, SHE SPENT HUNDREDS OF MILLIONS OF DOLLARS ON AN ADVERTISING -- YOU KNOW, THEY GET MADISON AVENUE INTO A ROOM, THEY PUT NAMES -- OH, TEMPERAMENT, LET'S GO AFTER IT. I THINK MY STRONGEST ASSET, MAYBE BY FAR, IS MY TEMPERAMENT. I HAVE A WINNING TEMPERAMENT. I KNOW HOW TO WIN. SHE DOES NOT -- >> SECRETARY CLINTON? >> WAIT. THE AFL-CIO THE OTHER DAY BEHIND THE BLUE SCREEN, I DON'T KNOW WHO YOU WERE TALKING TO, SECRETARY CLINTON, BUT YOU WERE TOTALLY"
KNTV_20160927_010000_NBC_News_Special_2016_Presidential_Debate_1,MSNBCW_20160927_040000_Live_Post_Debate,MSNBCW,MSNBC,SF/Oakland/SJ,cable,Live_Post_Debate,"09/27/2016 04:01:31",1684,91.6,13.1,https://archive.org/details/MSNBCW_20160927_040000_Live_Post_Debate#start/91.6/end/104.7,"INNER CITIES AND LOTS OF OTHER THINGS AND IT WOULD BE BEAUTIFUL BUT WE HAVE NO LEADERSHIP AND HONESTLY, THAT STARTS WITH SECRETARY CLINTON. >> ALL RIGHT. YOU HAVE IS TWO MINUTES OF THE SAME QUESTION TO DEFEND TAX INCREASES ON THE WEALTHIEST AMERICANS,"
KNTV_20160927_010000_NBC_News_Special_2016_Presidential_Debate_1,MSNBCW_20160927_030000_Live_Post_Debate,MSNBCW,MSNBC,SF/Oakland/SJ,cable,Live_Post_Debate,"09/27/2016 03:53:51",1767,3231.1,7.8,https://archive.org/details/MSNBCW_20160927_030000_Live_Post_Debate#start/3231.1/end/3238.9,"FAMILY. AND WHEN YOU LOOK AT -- >> HOW MUCH, HOW MUCH? LESTER, HOW MUCH? >> IT S AS I SAID, TRUMPED UP TRICKLE DOWN. TRICKLE DOWN DID NOT"
KNTV_20160927_010000_NBC_News_Special_2016_Presidential_Debate_1,MSNBCW_20160927_030000_Live_Post_Debate,MSNBCW,MSNBC,SF/Oakland/SJ,cable,Live_Post_Debate,"09/27/2016 03:34:06",3376.2,2046.9,38.1,https://archive.org/details/MSNBCW_20160927_030000_Live_Post_Debate#start/2046.9/end/2085,"CITY, STOP AND FRISK, WE HAD 2,200 MURDERS AND STOP AND FRISK BROUGHT IT DOWN TO 500 MURDERS. OF MURDERS. HARD TO BELIEVE. TO BE GOOD? BUT WE WENT FROM 2,200 TO 500 AND IT WAS CONTINUED ON BY MAYOR BLOOMBERG AND IT WAS TERMINATED BY CURRENT MAYOR. BUT STOP AND FRISK HAD A TREMENDOUS IMPACT ON THE SAFETY OF NEW YORK CITY, TREMENDOUS BEYOND BELIEF. SO WHEN YOU SAY IT HAS NO IMPACT, IT REALLY DID. IT HAD A VERY, VERY BIG IMPACT. >> WELL, IT'S ALSO FAIR TO SAY, IF WE'RE GOING TO TALK ABOUT MAYORS, THAT UNDER THE CURRENT MAYOR, CRIME"
KNTV_20160927_010000_NBC_News_Special_2016_Presidential_Debate_1,MSNBCW_20160927_030000_Live_Post_Debate,MSNBCW,MSNBC,SF/Oakland/SJ,cable,Live_Post_Debate,"09/27/2016 03:51:53",3542.4,3113.2,7.7,https://archive.org/details/MSNBCW_20160927_030000_Live_Post_Debate#start/3113.2/end/3120.9,"DONE. >> MR. TRUMP -- >> I THINK DONALD JUST CRITICIZED ME FOR PREPARING FOR THIS DEBATE."
KNTV_20160927_010000_NBC_News_Special_2016_Presidential_Debate_1,CNBC_20160927_023000_The_Profit,CNBC,CNBC,SF/Oakland/SJ,cable,The_Profit,"09/27/2016 02:45:02",2108.3,902,18.1,https://archive.org/details/CNBC_20160927_023000_The_Profit#start/902/end/920.1,"WALL STREET AND FOREIGN BANKS. OR MAYBE HE DOESN'T WANT THE AMERICAN PEOPLE, ALL OF YOU WATCHING TONIGHT, TO KNOW THAT HE'S PAID NOTHING IN FEDERAL TAXES BECAUSE THE ONLY YEARS THAT ANYBODY'S EVER SEEN WERE A COUPLE OF YEARS WHEN HE HAD TO TURN THEM OVER TO STATE AUTHORITIES WHEN HE WAS TRYING TO GET A"
KNTV_20160927_010000_NBC_News_Special_2016_Presidential_Debate_1,CNBC_20160927_023000_The_Profit,CNBC,CNBC,SF/Oakland/SJ,cable,The_Profit,"09/27/2016 02:46:19",4201.8,979.5,13.1,https://archive.org/details/CNBC_20160927_023000_The_Profit#start/979.5/end/992.6,"SAID. WE SHOULD BE BETTER THAN ANYBODY ELSE AND PERHAPS WE'RE NOT. I DON'T THINK ANYBODY KNOWS IT WAS RUSSIA THAT BROKE INTO THE DNC. SHE'S SAYING RUSSIA, RUSSIA, RUSSIA, BUT I DON'T -- MAYBE IT WAS. IT COULD BE RUSSIA. COULD ALSO BE CHINA."
KNTV_20160927_010000_NBC_News_Special_2016_Presidential_Debate_1,CNBC_20160927_023000_The_Profit,CNBC,CNBC,SF/Oakland/SJ,cable,The_Profit,"09/27/2016 02:46:53",4486.8,1013.2,5.8,https://archive.org/details/CNBC_20160927_023000_The_Profit#start/1013.2/end/1019,"AND REALLY WORKING HARD. DONALD SUPPORTED THE INVASION OF IRAQ. >> WRONG."
KNTV_20160927_010000_NBC_News_Special_2016_Presidential_Debate_1,BLOOMBERG_20160927_040000_Bloomberg_Markets_Middle_East,BLOOMBERG,Bloomberg,SF/Oakland/SJ,cable,Bloomberg_Markets_Middle_East,"09/27/2016 04:06:10",2398.5,370.7,19,https://archive.org/details/BLOOMBERG_20160927_040000_Bloomberg_Markets_Middle_East#start/370.7/end/389.7,"BACKS OF LITTLE GUYS, AND INDEED, I HAVE MET A LOT OF THE PEOPLE WHO WERE STIFFED BY YOU AND YOUR BUSINESSES, DONALD. I'VE MET DISHWASHERS, PAINTERS, ARCHITECTS, GLASS INSTALLERS, MARBLE INSTALLERS, DRAPERY INSTALLERS LIKE MY DAD WAS, WHO"
KNTV_20160927_010000_NBC_News_Special_2016_Presidential_Debate_1,BLOOMBERG_20160927_040000_Bloomberg_Markets_Middle_East,BLOOMBERG,Bloomberg,SF/Oakland/SJ,cable,Bloomberg_Markets_Middle_East,"09/27/2016 04:11:29",4462.8,689.9,13.2,https://archive.org/details/BLOOMBERG_20160927_040000_Bloomberg_Markets_Middle_East#start/689.9/end/703.1,"THINK YOU'LL AGREE BECAUSE I SAID IT TO YOU ONCE, HAD WE TAKEN THE OIL, AND WE SHOULD HAVE TAKEN THE OIL, ISIS WOULD NOT HAVE BEEN ABLE TO FORM EITHER BECAUSE THE OIL WAS THEIR PRIMARY SOURCE OF INCOME AND NOW THEY HAVE THE OIL ALL OVER THE PLACE"
KNTV_20160927_010000_NBC_News_Special_2016_Presidential_Debate_1,BLOOMBERG_20160927_040000_Bloomberg_Markets_Middle_East,BLOOMBERG,Bloomberg,SF/Oakland/SJ,cable,Bloomberg_Markets_Middle_East,"09/27/2016 04:11:46",4486.9,706.8,14.9,https://archive.org/details/BLOOMBERG_20160927_040000_Bloomberg_Markets_Middle_East#start/706.8/end/721.7,"AND REALLY WORKING HARD. DONALD SUPPORTED THE INVASION OF IRAQ. >> WRONG. >> THAT IS ABSOLUTELY -- >> WRONG. >> -- PROVED OVER AND OVER AGAIN. >> WRONG. >> HE ACTUALLY ADVOCATED FOR THE ACTIONS WE TOOK IN LIBYA. AND URGED THAT GADHAFI"
KNTV_20160927_010000_NBC_News_Special_2016_Presidential_Debate_1,BLOOMBERG_20160927_040000_Bloomberg_Markets_Middle_East,BLOOMBERG,Bloomberg,SF/Oakland/SJ,cable,Bloomberg_Markets_Middle_East,"09/27/2016 04:09:49",4605.3,589.2,11.3,https://archive.org/details/BLOOMBERG_20160927_040000_Bloomberg_Markets_Middle_East#start/589.2/end/600.5,"MUSLIMS ABROAD. MUSLIMS AT HOME. WHEN WE NEED TO BE COOPERATING WITH MUSLIM NATIONS AND WITH THE AMERICAN MUSLIM COMMUNITY. THEY'RE ON THE FRONT LINES."
KNTV_20160927_010000_NBC_News_Special_2016_Presidential_Debate_1,BLOOMBERG_20160927_040000_Bloomberg_Markets_Middle_East,BLOOMBERG,Bloomberg,SF/Oakland/SJ,cable,Bloomberg_Markets_Middle_East,"09/27/2016 04:09:25",4644.3,565.3,13.6,https://archive.org/details/BLOOMBERG_20160927_040000_Bloomberg_Markets_Middle_East#start/565.3/end/578.9,"HAVE THE GREATEST MESS ANYONE'S EVER SEEN. YOU LOOK AT THE MIDDLE EAST. IT'S A TOTAL MESS. UNDER YOUR DIRECTION TO A LARGE EXTENT, BUT YOU LOOK AT THE MIDDLE EAST. YOU STARTED THE IRAN DEAL. THAT'S ANOTHER BEAUTY WHERE YOU HAVE A COUNTRY THAT WAS READY"
KNTV_20160927_010000_NBC_News_Special_2016_Presidential_Debate_1,BLOOMBERG_20160927_040000_Bloomberg_Markets_Middle_East,BLOOMBERG,Bloomberg,SF/Oakland/SJ,cable,Bloomberg_Markets_Middle_East,"09/27/2016 04:06:00",4935.7,360.3,2.9,https://archive.org/details/BLOOMBERG_20160927_040000_Bloomberg_Markets_Middle_East#start/360.3/end/363.2,"AVENUE INTO A ROOM, THEY PUT NAMES -- OH,"
