start_second,duration,coverage_count,programs,match_url,transcript
466,8,1,BLOOMBERG_20161005_030000_Asia_Edge,https://archive.org/details/KQED_20161005_010000_PBS_NewsHour_Debates_2016_A_Special_Report#start/466/end/474,"HISTORIC ADMINISTRATION POSSIBLE. I RELISH THAT ROLE, I'M SO PROUD OF HER. I'LL JUST SAY THIS. WE TRUST HILLARY CLINTON MY WIFE AND I WE TRUST HER WITH THE MOST IMPORTANT THING IN OUR LIFE, WE"
474,5,3,"FOXNEWSW_20161005_010000_FOX_News_Special_Vice_Presidential_Debate, BLOOMBERG_20161005_030000_Asia_Edge, FOXNEWSW_20161005_030000_The_Kelly_File",https://archive.org/details/KQED_20161005_010000_PBS_NewsHour_Debates_2016_A_Special_Report#start/474/end/479,"IMPORTANT THING IN OUR LIFE, WE HAVE SON DEPLOYED OVERSEAS IN THE MARINE CORPS, WE TRUST HILLARY CLINTON AS PRESIDENT AND"
700,1,1,MSNBCW_20161005_030000_MSNBC_Live_Post_Debate,https://archive.org/details/KQED_20161005_010000_PBS_NewsHour_Debates_2016_A_Special_Report#start/700/end/701,
701,4,2,"MSNBCW_20161005_030000_MSNBC_Live_Post_Debate, MSNBCW_20161005_040000_MSNBC_Live_Post_Debate",https://archive.org/details/KQED_20161005_010000_PBS_NewsHour_Debates_2016_A_Special_Report#start/701/end/705,"AMERICAN COULD NOT BE A CITIZEN OF THE UNITED STATES, I CAN'T IMAGINE HOW GOVERNOR PENCE CAN"
735,12,1,FOXNEWSW_20161005_030000_The_Kelly_File,https://archive.org/details/KQED_20161005_010000_PBS_NewsHour_Debates_2016_A_Special_Report#start/735/end/747,"INSULT-DRIVEN CAMPAIGN. IT REALLY IS REMARKABLE. AT A TIME WHEN LITERALLY IN THE WAKE OF HILLARY CLINTON'S TENURE AS SECRETARY OF STATE, WHERE SHE WAS THE ARCHITECT OF THE OBAMA ADMINISTRATION'S FOREIGN POLICY"
766,14,1,CNNW_20161005_023000_Debate_Night_in_America,https://archive.org/details/KQED_20161005_010000_PBS_NewsHour_Debates_2016_A_Special_Report#start/766/end/780,"OF RUSSIA WITH WHETHER IT IS UKRAINE OR -- >> YOU -- HANDED APPROACH -- YOU SAID VLADIMIR PUTIN -- WE'LL GET TO RUSH IN A MOMENT. I DO WANT TO BET BACK TO THE -- >> THE --"
792,7,1,FOXNEWSW_20161005_030000_The_Kelly_File,https://archive.org/details/KQED_20161005_010000_PBS_NewsHour_Debates_2016_A_Special_Report#start/792/end/799,">> I HIT A NERVE HERE BECAUSE AT A TIME OF GREAT CHALLENGE, IN THE LIFE OF THIS NATION, WHERE WE HAVE WEAKENED AMERICA'S PLACE IN THE WORLD. STIFLED AMERICA'S ECONOMY,"
811,5,1,FOXNEWSW_20161005_030000_The_Kelly_File,https://archive.org/details/KQED_20161005_010000_PBS_NewsHour_Debates_2016_A_Special_Report#start/811/end/816,"THROUGH HARD TIMES AND THROUGH GOOD TIMES. HE'S BROUGHT AN EXTRAORDINARY BUSINESS ACCUMEN, HE'S EMPLOYED"
823,3,1,MSNBCW_20161005_040000_MSNBC_Live_Post_Debate,https://archive.org/details/KQED_20161005_010000_PBS_NewsHour_Debates_2016_A_Special_Report#start/823/end/826,">> WHY THE DISCONNECT WITH YOUR RUNNING MATE? >> THERE'S A REASON WHY PEOPL"
831,5,1,FOXNEWSW_20161005_040000_Hannity,https://archive.org/details/KQED_20161005_010000_PBS_NewsHour_Debates_2016_A_Special_Report#start/831/end/836,"CLINTON THAT'S BECAUSE THEY'RE PAYING ATTENTION. THE REALITY IS WHEN SHE WAS SECRETARY OF STATE, SENATOR, COME ON, SHE HAD A CLINTON"
838,1,1,FOXNEWSW_20161005_030000_The_Kelly_File,https://archive.org/details/KQED_20161005_010000_PBS_NewsHour_Debates_2016_A_Special_Report#start/838/end/839,"FOUNDATION ACCEPTING"
839,1,2,"FOXNEWSW_20161005_030000_The_Kelly_File, FBC_20161005_023000_Cavuto_Coast_to_Coast",https://archive.org/details/KQED_20161005_010000_PBS_NewsHour_Debates_2016_A_Special_Report#start/839/end/840,"CONTRIBUTIONS FROM FOREIGN"
840,2,3,"FOXNEWSW_20161005_030000_The_Kelly_File, FBC_20161005_023000_Cavuto_Coast_to_Coast, FBC_20161005_023000_Cavuto_Coast_to_Coast",https://archive.org/details/KQED_20161005_010000_PBS_NewsHour_Debates_2016_A_Special_Report#start/840/end/842,"CONTRIBUTIONS FROM FOREIGN GOVERNMENTS --"
842,7,4,"FOXNEWSW_20161005_030000_The_Kelly_File, FOXNEWSW_20161005_040000_Hannity, FBC_20161005_023000_Cavuto_Coast_to_Coast, FBC_20161005_023000_Cavuto_Coast_to_Coast",https://archive.org/details/KQED_20161005_010000_PBS_NewsHour_Debates_2016_A_Special_Report#start/842/end/849,"GOVERNMENTS -- >> YOU AND DONALD TRUMP -- LET ME TALK ABOUT THIS -- SENATOR I THINK I'M -- THIS STREET MY TIME. >> ISN'T THIS A DISCUSSION? >> THESE ARE OPEN --"
849,2,3,"FOXNEWSW_20161005_040000_Hannity, FBC_20161005_023000_Cavuto_Coast_to_Coast, FBC_20161005_023000_Cavuto_Coast_to_Coast",https://archive.org/details/KQED_20161005_010000_PBS_NewsHour_Debates_2016_A_Special_Report#start/849/end/851,">> THESE ARE OPEN -- LET'S TALK ABOUT --"
851,2,4,"FOXNEWSW_20161005_030000_The_Kelly_File, FOXNEWSW_20161005_040000_Hannity, FBC_20161005_023000_Cavuto_Coast_to_Coast, FBC_20161005_023000_Cavuto_Coast_to_Coast",https://archive.org/details/KQED_20161005_010000_PBS_NewsHour_Debates_2016_A_Special_Report#start/851/end/853,"LET'S TALK ABOUT -- GOVERNOR -- LET ME INTERRUPT YOU I'LL"
853,5,5,"CNNW_20161005_023000_Debate_Night_in_America, FOXNEWSW_20161005_030000_The_Kelly_File, FOXNEWSW_20161005_040000_Hannity, FBC_20161005_023000_Cavuto_Coast_to_Coast, FBC_20161005_023000_Cavuto_Coast_to_Coast",https://archive.org/details/KQED_20161005_010000_PBS_NewsHour_Debates_2016_A_Special_Report#start/853/end/858,"LET ME INTERRUPT YOU I'LL FINISH MY SENTENCE IF I CAN. THE CLINTON FOUNDATION ACCEPTED"
858,8,3,"FOXNEWSW_20161005_030000_The_Kelly_File, FBC_20161005_023000_Cavuto_Coast_to_Coast, FBC_20161005_023000_Cavuto_Coast_to_Coast",https://archive.org/details/KQED_20161005_010000_PBS_NewsHour_Debates_2016_A_Special_Report#start/858/end/866,"FOREIGN CONTRIBUTIONS FROM FOREIGN GOVERNMENTS AND FOREIGN DONORS WHILE SHE WAS SECRETARY -- >> OKAY YOU, NO I CAN -- SHE HAD A PRIVATE -- I GET TO WEIGH IN NOW --"
866,1,2,"FOXNEWSW_20161005_030000_The_Kelly_File, FBC_20161005_023000_Cavuto_Coast_to_Coast",https://archive.org/details/KQED_20161005_010000_PBS_NewsHour_Debates_2016_A_Special_Report#start/866/end/867,"I GET TO WEIGH IN NOW --"
867,4,1,FOXNEWSW_20161005_030000_The_Kelly_File,https://archive.org/details/KQED_20161005_010000_PBS_NewsHour_Debates_2016_A_Special_Report#start/867/end/871,"SENATOR -- THAT PAID -- YOU HAVE AN OPPORTUNITY --"
889,9,1,FOXNEWSW_20161005_030000_The_Kelly_File,https://archive.org/details/KQED_20161005_010000_PBS_NewsHour_Debates_2016_A_Special_Report#start/889/end/898,"DO YOU KNOW THAT IRAN WAS RACING TOWARD NUCLEAR WEAPON AND RUSSIA WAS EXPANDING THE STOCKPILE. UNDER SECRETARY CLINTON'S LEADERSHIP SHE WAS PART OF THE NATIONAL TEAM PUBLIC SAFETY TEAM"
902,1,1,FOXNEWSW_20161005_030000_The_Kelly_File,https://archive.org/details/KQED_20161005_010000_PBS_NewsHour_Debates_2016_A_Special_Report#start/902/end/903,"LADEN WIPED HIM OFTEN THE FACE"
903,10,2,"KPIX_20161005_010000_CBS_News_The_Vice_Presidential_Debate, FOXNEWSW_20161005_030000_The_Kelly_File",https://archive.org/details/KQED_20161005_010000_PBS_NewsHour_Debates_2016_A_Special_Report#start/903/end/913,"LADEN WIPED HIM OFTEN THE FACE OF THE WORTH. WORK ADD DEAL WITH THE RUSSIANS TO DECREASE THEIR CHEMICAL WEAPONS. A TOUGH NEGOTIATION WITH NATIONS AROUND THE WORLD TO ELIMINATE THE IRANIAN NUCLEAR WEAPON"
913,4,1,KPIX_20161005_010000_CBS_News_The_Vice_Presidential_Debate,https://archive.org/details/KQED_20161005_010000_PBS_NewsHour_Debates_2016_A_Special_Report#start/913/end/917,"THE IRANIAN NUCLEAR WEAPON PROGRAM WITHOUT FIRING A SHOT. >> ELIMINATE THE IRANIAN --"
926,14,1,CNNW_20161005_023000_Debate_Night_in_America,https://archive.org/details/KQED_20161005_010000_PBS_NewsHour_Debates_2016_A_Special_Report#start/926/end/940,">> IRAQ HAS BEEN OVER RUN BY ISIS. BECAUSE HILLARY CLINTON -- >> IF YOU WANT TO -- -- HILLARY CLINTON -- >> FAILED TO RENEGOTIATE A STATUS OF FORCES AGREEMENT. >> THAT IS INJECT GENTLEMEN -- WE REMOVED UP A OF OUR -- AND"
992,9,1,FOXNEWSW_20161005_030000_The_Kelly_File,https://archive.org/details/KQED_20161005_010000_PBS_NewsHour_Debates_2016_A_Special_Report#start/992/end/1001,"DISASTROUS FOR THE COUNTRY? GOVERNOR PENCE? >> I THINK THE FACT THAT UNDER THIS PAST ADMINISTRATION OF WHICH HILLARY CLINTON WAS A PART"
1034,4,2,"BLOOMBERG_20161005_030000_Asia_Edge, KTVU_20161005_023000_KTVU_730p_News_on_KTVU_Plus",https://archive.org/details/KQED_20161005_010000_PBS_NewsHour_Debates_2016_A_Special_Report#start/1034/end/1038,"UNEMPLOYMENT DOUBLED. I THINK I THINK HE'S VERY FITTING RUNNING MATE FOR HILLARY"
1038,8,3,"BLOOMBERG_20161005_030000_Asia_Edge, FOXNEWSW_20161005_030000_The_Kelly_File, KTVU_20161005_023000_KTVU_730p_News_on_KTVU_Plus",https://archive.org/details/KQED_20161005_010000_PBS_NewsHour_Debates_2016_A_Special_Report#start/1038/end/1046,"CLINTON. BECAUSE IN THE WAKE OF A SEASON WHERE AMERICAN FAMILIES ARE STRUGGLING IN THIS ECONOMY UNDER THE WEIGHT OF HIGHER TAXES AND"
1046,4,1,KTVU_20161005_023000_KTVU_730p_News_on_KTVU_Plus,https://archive.org/details/KQED_20161005_010000_PBS_NewsHour_Debates_2016_A_Special_Report#start/1046/end/1050,"OBAMACARE AND THE WAR ON COAL AND STIFLING AVALANCHE OF"
1208,8,2,"CNNW_20161005_023000_Debate_Night_in_America, MSNBCW_20161005_030000_MSNBC_Live_Post_Debate",https://archive.org/details/KQED_20161005_010000_PBS_NewsHour_Debates_2016_A_Special_Report#start/1208/end/1216,"THE TRUMP PLAN IS A DIFFERENT PLAN. IT'S A ""YOU'RE FIRED"" PLAN THERE'S TWO KEY ELEMENTS TO IT. FIRST, DONALD TRUMP SAID WAGES ARE TOO HIGH."
1290,2,1,FBC_20161005_023000_Cavuto_Coast_to_Coast,https://archive.org/details/KQED_20161005_010000_PBS_NewsHour_Debates_2016_A_Special_Report#start/1290/end/1292,"PAY AS LITTLE TAX AS LEGALLY POSSIBLE. IS DOES THAT SEEM FAIR TO YOU?"
1292,2,2,"FBC_20161005_023000_Cavuto_Coast_to_Coast, FBC_20161005_023000_Cavuto_Coast_to_Coast",https://archive.org/details/KQED_20161005_010000_PBS_NewsHour_Debates_2016_A_Special_Report#start/1292/end/1294,"IS DOES THAT SEEM FAIR TO YOU? >> WELL, FIRST LET ME SAY, I --"
1294,9,3,"FOXNEWSW_20161005_010000_FOX_News_Special_Vice_Presidential_Debate, FBC_20161005_023000_Cavuto_Coast_to_Coast, FBC_20161005_023000_Cavuto_Coast_to_Coast",https://archive.org/details/KQED_20161005_010000_PBS_NewsHour_Debates_2016_A_Special_Report#start/1294/end/1303,">> WELL, FIRST LET ME SAY, I -- I APPRECIATED YOU'RE HIRED YOU'RE FIRED, YOU USE THAT A WHOLE LOT YOU ARE RUNNING THAT"
1303,2,4,"FOXNEWSW_20161005_010000_FOX_News_Special_Vice_Presidential_Debate, FOXNEWSW_20161005_030000_The_Kelly_File, FBC_20161005_023000_Cavuto_Coast_to_Coast, FBC_20161005_023000_Cavuto_Coast_to_Coast",https://archive.org/details/KQED_20161005_010000_PBS_NewsHour_Debates_2016_A_Special_Report#start/1303/end/1305,"USE OF PREDONE LINES."
1305,10,5,"FOXNEWSW_20161005_010000_FOX_News_Special_Vice_Presidential_Debate, FOXNEWSW_20161005_030000_The_Kelly_File, FOXNEWSW_20161005_030000_The_Kelly_File, FBC_20161005_023000_Cavuto_Coast_to_Coast, FBC_20161005_023000_Cavuto_Coast_to_Coast",https://archive.org/details/KQED_20161005_010000_PBS_NewsHour_Debates_2016_A_Special_Report#start/1305/end/1315,"WHAT YOU ALL JUST HEARD OUT THERE, IS MORE TAXES, $2 TRILLION IN MORE SPENDING, MORE"
1315,1,4,"FOXNEWSW_20161005_010000_FOX_News_Special_Vice_Presidential_Debate, FOXNEWSW_20161005_030000_The_Kelly_File, FOXNEWSW_20161005_030000_The_Kelly_File, FBC_20161005_023000_Cavuto_Coast_to_Coast",https://archive.org/details/KQED_20161005_010000_PBS_NewsHour_Debates_2016_A_Special_Report#start/1315/end/1316,"DEFICITS, MORE DEBT, MORE"
1316,6,3,"FOXNEWSW_20161005_010000_FOX_News_Special_Vice_Presidential_Debate, FOXNEWSW_20161005_030000_The_Kelly_File, FOXNEWSW_20161005_030000_The_Kelly_File",https://archive.org/details/KQED_20161005_010000_PBS_NewsHour_Debates_2016_A_Special_Report#start/1316/end/1322,"DEFICITS, MORE DEBT, MORE GOVERNMENT AND IF YOU THINK THAT'S ALL WORK THEN YOU LOOK AT THE OTHER SIDE OF THE TABLE. THE TRUTH OF THE MATTER IS THAT"
1322,9,4,"FOXNEWSW_20161005_010000_FOX_News_Special_Vice_Presidential_Debate, FOXNEWSW_20161005_030000_The_Kelly_File, FOXNEWSW_20161005_030000_The_Kelly_File, MSNBCW_20161005_030000_MSNBC_Live_Post_Debate",https://archive.org/details/KQED_20161005_010000_PBS_NewsHour_Debates_2016_A_Special_Report#start/1322/end/1331,"THE TRUTH OF THE MATTER IS THAT POLICIES OF THIS ADMINISTRATION WHICH HILLARY CLINTON AND SENATOR KAINE WANT TO CONTINUE HAVE RUN THIS ECONOMY INTO A DITCH. WE'RE --"
1331,4,3,"FOXNEWSW_20161005_010000_FOX_News_Special_Vice_Presidential_Debate, FOXNEWSW_20161005_030000_The_Kelly_File, MSNBCW_20161005_030000_MSNBC_Live_Post_Debate",https://archive.org/details/KQED_20161005_010000_PBS_NewsHour_Debates_2016_A_Special_Report#start/1331/end/1335,"DITCH. WE'RE -- >> IN NEW JOBS? >> SINCE THE GREAT JOBS? >> BUT MY QUESTION --"
1335,2,2,"FOXNEWSW_20161005_010000_FOX_News_Special_Vice_Presidential_Debate, MSNBCW_20161005_030000_MSNBC_Live_Post_Debate",https://archive.org/details/KQED_20161005_010000_PBS_NewsHour_Debates_2016_A_Special_Report#start/1335/end/1337,">> BUT MY QUESTION -- MILLIONS MORE PEOPLE LIVING"
1337,13,1,FOXNEWSW_20161005_010000_FOX_News_Special_Vice_Presidential_Debate,https://archive.org/details/KQED_20161005_010000_PBS_NewsHour_Debates_2016_A_Special_Report#start/1337/end/1350,"MILLIONS MORE PEOPLE LIVING IN POVERTY TODAY THAN THE DAY THAT BARACK OBAMA WITH HILLARY CLINTON AT HIS SIDE -- >> AND THE POVERTY LEVEL AND MEDIAN INCOME -- >> WERE THE LOWEST IN -- IN 2014 -- HONESTLY, SENATOR, YOU CAN ROLL OUT THE NUMBERS AND THE"
1361,4,1,MSNBCW_20161005_040000_MSNBC_Live_Post_Debate,https://archive.org/details/KQED_20161005_010000_PBS_NewsHour_Debates_2016_A_Special_Report#start/1361/end/1365,"NOT MORE TAXES -- >> BUT NOT THE TAX RELIEF FOR THE FOLKS -- >> I AM --"
1386,32,1,FOXNEWSW_20161005_030000_The_Kelly_File,https://archive.org/details/KQED_20161005_010000_PBS_NewsHour_Debates_2016_A_Special_Report#start/1386/end/1418,"HILLARY CLINTON AND SENATOR KAINE AND -- GOD BLESS YOU FOR IT -- CAREER PUBLIC SERVANTS, THAT'S GREAT. DONALD TRUMP IS A BUSINESSMAN. NOT A CAREER POLITICIAN. HE ACTUALLY BUILT A BUSINESS -- THE TAX RETURNS THAT CAME OUT PUBLICLY SHOWED THAT HE FACED SOME PRETTY TOUGH TIMES 20 YEARS AGO. BUT LIKE VIRTUALLY EVERY OTHER BUSINESS INCLUDING THE ""NEW YORK TIMES"" NOT TOO LONG AGO HE USED MID OPERATING LOSS. WE HAVE STREET TAX CODE, SENATOR, THAT ACTUALLY IS DESIGNED TO ENCOURAGE ENTREPRENEURSHIP -- >> WHY DON'T HE RELEASE HIS TAX RETURNS? >> WE'RE ANSWERING THE QUESTION"
1418,6,2,"FOXNEWSW_20161005_030000_The_Kelly_File, MSNBCW_20161005_040000_MSNBC_Live_Post_Debate",https://archive.org/details/KQED_20161005_010000_PBS_NewsHour_Debates_2016_A_Special_Report#start/1418/end/1424,"ABOUT BUSINESS THING. IS -- >> I DO WANT TO COME BACK TO THAT. >> HIS TAX RETURNS, SHOWED HE"
1424,8,1,MSNBCW_20161005_040000_MSNBC_Live_Post_Debate,https://archive.org/details/KQED_20161005_010000_PBS_NewsHour_Debates_2016_A_Special_Report#start/1424/end/1432,"WENT THROUGH A VERY DIFFICULT TIME USED THE TAX CODE JUST THE WAY IT'S SUPPOSED TO BE USED HE DID IT BRILLIANTLY. >> HOW DO YOU KNOW THAT?"
1464,15,1,FOXNEWSW_20161005_030000_The_Kelly_File,https://archive.org/details/KQED_20161005_010000_PBS_NewsHour_Debates_2016_A_Special_Report#start/1464/end/1479,">> WILL. >> HE'S BROKEN HIS FIRST PROMISE. SECOND, HE -- >> HE HASN'T -- STOOD ON THE STAGE LAST WEEK WHEN HILLARY SAID YOU HAVEN'T IS BEEN PAYING TAXES HE SAID ""THAT MAKES ME SMART. IT'S SMART NOT TO PAY FOR OUR MILITARY. IS SMART NOT TO PAY FOR VETERANS."
1486,12,2,"MSNBCW_20161005_040000_MSNBC_Live_Post_Debate, KTVU_20161005_023000_KTVU_730p_News_on_KTVU_Plus",https://archive.org/details/KQED_20161005_010000_PBS_NewsHour_Debates_2016_A_Special_Report#start/1486/end/1498,"STUPID. >> DO YOU TAKE ALL THE -- >> THE LAST THING I WANT TO ASK GOVERNOR PENCE -- >> I DO. >> GOVERNOR PENCE HAD TO GIVE DONALD TRUMP HIS TAX RETURNS TO SHOW HE WAS QUALIFIED TO BE VICE PRESIDENT. DONALD TRUMP MUST GIVE THE"
1498,1,1,KTVU_20161005_023000_KTVU_730p_News_on_KTVU_Plus,https://archive.org/details/KQED_20161005_010000_PBS_NewsHour_Debates_2016_A_Special_Report#start/1498/end/1499,"DONALD TRUMP MUST GIVE THE AMERICAN PUBLIC HIS TAX RETURNS"
1505,6,1,CNNW_20161005_023000_Debate_Night_in_America,https://archive.org/details/KQED_20161005_010000_PBS_NewsHour_Debates_2016_A_Special_Report#start/1505/end/1511,"THIS. >> YOU GET VERY LITTLE TIME. >> I'LL BE -- DONALD TRUMP HAS FILED OVER 100 PAGES OF"
1515,9,1,MSNBCW_20161005_040000_MSNBC_Live_Post_Debate,https://archive.org/details/KQED_20161005_010000_PBS_NewsHour_Debates_2016_A_Special_Report#start/1515/end/1524,">> HE SAID WOULD -- YOU CAN PREVIEW THAT HE'S GOING -- SENATOR -- >> I NEED TO ASK YOU -- ABOUT SOCIAL SECURITY. >> RICHARD NIXON RELEASED TAX"
1524,1,2,"FOXNEWSW_20161005_030000_The_Kelly_File, MSNBCW_20161005_040000_MSNBC_Live_Post_Debate",https://archive.org/details/KQED_20161005_010000_PBS_NewsHour_Debates_2016_A_Special_Report#start/1524/end/1525,
1525,5,1,FOXNEWSW_20161005_030000_The_Kelly_File,https://archive.org/details/KQED_20161005_010000_PBS_NewsHour_Debates_2016_A_Special_Report#start/1525/end/1530,"RETURNS WHEN HE WAS -- >> AND -- GOVERNOR -- YOU -- >> THE PEOPLE AT HOME CANNOT"
1593,6,1,CNNW_20161005_023000_Debate_Night_in_America,https://archive.org/details/KQED_20161005_010000_PBS_NewsHour_Debates_2016_A_Special_Report#start/1593/end/1599,"WE WILL NEVER, EVER ENGAGE IN RISKY SCHEME TO PRIVATIZE SOCIAL SECURITY. DONALD TRUMP WROTE A BOOK HE"
1602,18,1,FBC_20161005_023000_Cavuto_Coast_to_Coast,https://archive.org/details/KQED_20161005_010000_PBS_NewsHour_Debates_2016_A_Special_Report#start/1602/end/1620,"SCHEME AND PRIVATIZATION WOULD BE GOOD FOR ALL OF US. AND WHEN CONGRESSMAN PENCE WAS IN CONGRESS, HE WAS THE CHIEF CHEERLEADER FOR THE PRIVATIZATION OF SOCIAL SECURITY. EVEN AFTER PRESIDENT BUSH STOPPED PUSHING FOR IT, CONGRESSMAN PENCE KEPT PUSHING FOR IT. WE'RE GOING TO STAND UP AGAINST THAT EFFORTS TO PRIVATIZE SOCIAL"
1791,8,1,FOXNEWSW_20161005_030000_The_Kelly_File,https://archive.org/details/KQED_20161005_010000_PBS_NewsHour_Debates_2016_A_Special_Report#start/1791/end/1799,"OTHER MODEL, IS THAT DON'T WORK. OVERLY AGGRESSIVE ONE MILITARIZED MODEL, DONALD TRUMP SAID WE NEED TO DO MORE STOP AND FRISK AROUND THE COUNTRY. THAT WOULD BE A BIG MISTAKE."
1949,8,1,FOXNEWSW_20161005_030000_The_Kelly_File,https://archive.org/details/KQED_20161005_010000_PBS_NewsHour_Debates_2016_A_Special_Report#start/1949/end/1957,"OF POLICE ACTS AND SHOOTINGS AS A REASON TO USE A BROAD BRUSH TO ACCUSE LAW ENFORCEMENT OF"
2013,23,1,FOXNEWSW_20161005_030000_The_Kelly_File,https://archive.org/details/KQED_20161005_010000_PBS_NewsHour_Debates_2016_A_Special_Report#start/2013/end/2036,">> CAN I EXPLAIN -- >> WHAT WE OUGHT TO DO IS STOP SEIZING ON THESE MOMENTS OF TRAGEDY, WE ARE ASSURED THE PUBLIC THAT THE FULL AND COMPLETE AND TRANSPARENT INVESTIGATION WHENEVER THERE IS LOSS OF LIFE BECAUSE OF POLICE ACTION. BUT SENATOR, PLEASE, ENOUGH OF THIS SEEKING EVERY OPPORTUNITY TO DEMEAN LAW ENFORCEMENT BROADLY BY MAKING -- >> ELAINE --"
2238,48,1,MSNBCW_20161005_030000_MSNBC_Live_Post_Debate,https://archive.org/details/KQED_20161005_010000_PBS_NewsHour_Debates_2016_A_Special_Report#start/2238/end/2286,"TONE THAT SET FROM THE TOP. DONALD TRUMP DURING HIS CAMPAIGN CALLED MEXICANS RAPISTS AND CRIMINALS. HE'S CALLED WOMEN SLOBS, PIGS, DOGS, DISGUSTING. I DON'T LIKE SAYING THAT IN FRONT OF MY WIFE AND MY MOTHER. HE ATTACKED AN INDIANA BORN FEDERAL JUDGE SAID HE WAS UNQUALIFIED TO HEAR FEDERAL LAWSUIT BECAUSE HIS PARENTS WERE MEXICAN. HE WENT AFTER JOHN McCAIN, A P.O.W. SAID HE WASN'T A HERO BECAUSE HE'D BEEN CAPTURED. HE SAID AFRICAN AMERICANS ARE LIVING IN HELL. AND HE PERPETRATED THIS OUTRAGEOUS AND BIGOTED LIES THAT PRESIDENT OBAMA IS NOT U.S. CITIZEN. IF YOU WANT TO HAVE SOCIETY WHERE PEOPLE ARE RESPECTED AND RESPECT LAWS, YOU CAN'T HAVE SOMEBODY AT THE TOP WHO DEMEANS EVERY GROUP THAT HE TAKES ABOUT. I JUST, AGAIN, I CANNOT BELIEVE"
2375,10,1,FBC_20161005_023000_Cavuto_Coast_to_Coast,https://archive.org/details/KQED_20161005_010000_PBS_NewsHour_Debates_2016_A_Special_Report#start/2375/end/2385,"SAFER ONCE RIMMIAL ALIENS ARE OUT THEN DEAL WITH THOSE THAT REMAIN. >> I HAVE TO TELL YOU I WAS LISTENING TO THE AVALANCHE OF INSULTS COMING OUT OF SENATOR KAINE A MINUTE AGO."
2388,1,2,"KPIX_20161005_010000_CBS_News_The_Vice_Presidential_Debate, MSNBCW_20161005_040000_MSNBC_Live_Post_Debate",https://archive.org/details/KQED_20161005_010000_PBS_NewsHour_Debates_2016_A_Special_Report#start/2388/end/2389,"MY TIME, SENATOR."
2389,5,3,"KPIX_20161005_010000_CBS_News_The_Vice_Presidential_Debate, FOXNEWSW_20161005_030000_The_Kelly_File, MSNBCW_20161005_040000_MSNBC_Live_Post_Debate",https://archive.org/details/KQED_20161005_010000_PBS_NewsHour_Debates_2016_A_Special_Report#start/2389/end/2394,"MY TIME, SENATOR. YOU. HAD YOUR TWO MINUTES. >> SAYS SOURS AN INSULT-DRIVEN"
2394,5,4,"CNNW_20161005_023000_Debate_Night_in_America, KPIX_20161005_010000_CBS_News_The_Vice_Presidential_Debate, FOXNEWSW_20161005_030000_The_Kelly_File, MSNBCW_20161005_040000_MSNBC_Live_Post_Debate",https://archive.org/details/KQED_20161005_010000_PBS_NewsHour_Debates_2016_A_Special_Report#start/2394/end/2399,"CAMPAIGN? DID YOU ALL JUST HEAR THAT? OURS IS AN INSULT-DRIVEN"
2399,12,5,"CNNW_20161005_023000_Debate_Night_in_America, KPIX_20161005_010000_CBS_News_The_Vice_Presidential_Debate, FOXNEWSW_20161005_030000_The_Kelly_File, MSNBCW_20161005_040000_MSNBC_Live_Post_Debate, FOXNEWSW_20161005_040000_Hannity",https://archive.org/details/KQED_20161005_010000_PBS_NewsHour_Debates_2016_A_Special_Report#start/2399/end/2411,"CAMPAIGN? TO BE HONEST WITH YOU IF DONALD TRUMP SAID ALL THE THINGS THAT YOU SAID HE SAID IN THE WAY YOU SAID HE SAID THEM, HE STILL WOULDN'T HAVE A FRACTION OF THE INSULTS THAT HILLARY CLINTON"
2411,1,4,"KPIX_20161005_010000_CBS_News_The_Vice_Presidential_Debate, FOXNEWSW_20161005_030000_The_Kelly_File, MSNBCW_20161005_040000_MSNBC_Live_Post_Debate, FOXNEWSW_20161005_040000_Hannity",https://archive.org/details/KQED_20161005_010000_PBS_NewsHour_Debates_2016_A_Special_Report#start/2411/end/2412,"INSULTS THAT HILLARY CLINTON LEVELED WHEN SHE SAID THAT HALF"
2412,1,3,"KPIX_20161005_010000_CBS_News_The_Vice_Presidential_Debate, MSNBCW_20161005_040000_MSNBC_Live_Post_Debate, FOXNEWSW_20161005_040000_Hannity",https://archive.org/details/KQED_20161005_010000_PBS_NewsHour_Debates_2016_A_Special_Report#start/2412/end/2413,"LEVELED WHEN SHE SAID THAT HALF"
2413,3,2,"KPIX_20161005_010000_CBS_News_The_Vice_Presidential_Debate, FOXNEWSW_20161005_040000_Hannity",https://archive.org/details/KQED_20161005_010000_PBS_NewsHour_Debates_2016_A_Special_Report#start/2413/end/2416,"OF OUR SUPPORTERS WERE A BASKET"
2416,14,1,FOXNEWSW_20161005_040000_Hannity,https://archive.org/details/KQED_20161005_010000_PBS_NewsHour_Debates_2016_A_Special_Report#start/2416/end/2430,"OF DEPLORABLE S. SHE SAID THEY WERE EERIE DEEMABLE. THEY WERE NOT AMERICANS. IT'S EXTRAORDINARY. THEN SHE RAILED ONE AFTER ANOTHER ISMS ON MILLIONS OF AMERICANS WHO BELIEVE THAT WE"
2444,1,1,FBC_20161005_023000_Cavuto_Coast_to_Coast,https://archive.org/details/KQED_20161005_010000_PBS_NewsHour_Debates_2016_A_Special_Report#start/2444/end/2445,"THAT IS SMALL POTATOES"
2445,1,2,"FOXNEWSW_20161005_030000_The_Kelly_File, FBC_20161005_023000_Cavuto_Coast_to_Coast",https://archive.org/details/KQED_20161005_010000_PBS_NewsHour_Debates_2016_A_Special_Report#start/2445/end/2446,"COMPARED TO HILLARY CLINTON CALLED HALF OF DONALD TRUMP'S"
2446,3,3,"FOXNEWSW_20161005_030000_The_Kelly_File, FBC_20161005_023000_Cavuto_Coast_to_Coast, FBC_20161005_023000_Cavuto_Coast_to_Coast",https://archive.org/details/KQED_20161005_010000_PBS_NewsHour_Debates_2016_A_Special_Report#start/2446/end/2449,"COMPARED TO HILLARY CLINTON CALLED HALF OF DONALD TRUMP'S SUPPORTERS --"
2449,5,2,"FBC_20161005_023000_Cavuto_Coast_to_Coast, FBC_20161005_023000_Cavuto_Coast_to_Coast",https://archive.org/details/KQED_20161005_010000_PBS_NewsHour_Debates_2016_A_Special_Report#start/2449/end/2454,"SUPPORTERS -- >> HILLARY CLINTON SAID SOMETHING ON CAMPAIGN TRAIL OVER VERY NEXT DAY, I SHOULDN'T HAVE"
2454,1,1,FBC_20161005_023000_Cavuto_Coast_to_Coast,https://archive.org/details/KQED_20161005_010000_PBS_NewsHour_Debates_2016_A_Special_Report#start/2454/end/2455,"SAID THAT. >> BUT SHE DID."
2457,13,1,KPIX_20161005_010000_CBS_News_The_Vice_Presidential_Debate,https://archive.org/details/KQED_20161005_010000_PBS_NewsHour_Debates_2016_A_Special_Report#start/2457/end/2470,">> SENATOR KAINE'S TWO MINUTES. >> THAT'S RIGHT. NOW WE'RE EVEN. DONALD TRUMP APOLOGIZING TO JOHN McCAIN FOR SAYING HE WASN'T A HERO. DID HE APOLOGIZE FOR CALLING WOMEN SLOBS, PIGS, DOGS, DISGUSTING? >> SHE APOLOGIZED FOR SAYING --"
2470,10,2,"KPIX_20161005_010000_CBS_News_The_Vice_Presidential_Debate, MSNBCW_20161005_040000_MSNBC_Live_Post_Debate",https://archive.org/details/KQED_20161005_010000_PBS_NewsHour_Debates_2016_A_Special_Report#start/2470/end/2480,"DISGUSTING? >> SHE APOLOGIZED FOR SAYING -- GOVERNOR -- TWO MINUTES, PLEASE. >> DONALD TRUMP APOLOGIZE FOR TAKING AFTER SOMEBODY IN A TWITTER WAR MAKING FUN OF WEIGHT. 'POM GUYS FOR SAYING AFRICAN"
2480,6,1,KPIX_20161005_010000_CBS_News_The_Vice_Presidential_Debate,https://archive.org/details/KQED_20161005_010000_PBS_NewsHour_Debates_2016_A_Special_Report#start/2480/end/2486,"WEIGHT. 'POM GUYS FOR SAYING AFRICAN AMERICANS ARE LIVING IN HELL. DID HE APOLOGIZE SAYING PRESIDENT OBAMA WAS NOT EVEN A"
2553,5,2,"MSNBCW_20161005_030000_MSNBC_Live_Post_Debate, MSNBCW_20161005_040000_MSNBC_Live_Post_Debate",https://archive.org/details/KQED_20161005_010000_PBS_NewsHour_Debates_2016_A_Special_Report#start/2553/end/2558,"MILLION PEOPLE. I CANNOT BELIEVE -- >> IT'S NOT -- R. >> I CANNOT BELIEVE THAT GOVERNOR PENCE WOULD SIT HERE"
2558,1,1,MSNBCW_20161005_040000_MSNBC_Live_Post_Debate,https://archive.org/details/KQED_20161005_010000_PBS_NewsHour_Debates_2016_A_Special_Report#start/2558/end/2559,"GOVERNOR PENCE WOULD SIT HERE"
2577,10,1,MSNBCW_20161005_040000_MSNBC_Live_Post_Debate,https://archive.org/details/KQED_20161005_010000_PBS_NewsHour_Debates_2016_A_Special_Report#start/2577/end/2587,"-- >> SENATOR, THAT'S NONSENSE. WHAT YOU JUST HEARD IS THEY HAVE A PLAN FOR OPEN BORDERS, AMNESTY -- >> OUR PLAN IS LIKE RONALD"
2767,17,2,"FOXNEWSW_20161005_010000_FOX_News_Special_Vice_Presidential_Debate, FOXNEWSW_20161005_030000_The_Kelly_File",https://archive.org/details/KQED_20161005_010000_PBS_NewsHour_Debates_2016_A_Special_Report#start/2767/end/2784,"HOW TERRORIST THREAT INCREASED OR DECREASED. SENATOR KAINE? >> THE TERRORIST THREAT HAS DECREASED IN SOME WAYS BECAUSE BIN LAD SENDED. THE TERRORIST THREAT HAS DECREASED BECAUSE IRANIAN NUCLEAR WEAPON PROGRAM HAS BEEN STOPPED. THE TERRORIST THREAT TO UNITED STATES TROOPS HAS BEEN DECREASED IN SOME WAYS BECAUSE THERE'S NOT"
2784,4,1,FOXNEWSW_20161005_010000_FOX_News_Special_Vice_Presidential_Debate,https://archive.org/details/KQED_20161005_010000_PBS_NewsHour_Debates_2016_A_Special_Report#start/2784/end/2788,"OF THE WORLD THERE'S ONLY"
2861,17,1,MSNBCW_20161005_040000_MSNBC_Live_Post_Debate,https://archive.org/details/KQED_20161005_010000_PBS_NewsHour_Debates_2016_A_Special_Report#start/2861/end/2878,"FIRE ALL THE GENERALS. HE DOESN'T HAVE A PLAN. BUT HE DOES HAVE DANGEROUS IDEAS. HERE IS ONE. HE TRASH TALKS THE MILITARIMENT THE MILITARY IS DISASTER, JOHN McCAIN'S NO HERO, GENERALS NEED ALL TO BE FIRED I KNOW MORE THAN THEM. HE WANTS TO TEAR UP ALLIANCES. NATO IS OBSOLETE WILL ONLY WORK TOGETHER WITH ISRAEL IF THEY PAY"
2878,7,2,"CNNW_20161005_023000_Debate_Night_in_America, MSNBCW_20161005_040000_MSNBC_Live_Post_Debate",https://archive.org/details/KQED_20161005_010000_PBS_NewsHour_Debates_2016_A_Special_Report#start/2878/end/2885,"TOGETHER WITH ISRAEL IF THEY PAY BIG. THIRD, HE LOVES DICTATORS. A PERSONAL MOUNT RUSH MORE,"
2885,9,1,CNNW_20161005_023000_Debate_Night_in_America,https://archive.org/details/KQED_20161005_010000_PBS_NewsHour_Debates_2016_A_Special_Report#start/2885/end/2894,"VLADIMIR PUTIN, MOAMMAR GENTLEMAN DAVE DEAND SADDAM"
2894,17,2,"CNNW_20161005_023000_Debate_Night_in_America, KPIX_20161005_010000_CBS_News_The_Vice_Presidential_Debate",https://archive.org/details/KQED_20161005_010000_PBS_NewsHour_Debates_2016_A_Special_Report#start/2894/end/2911,"HUSSEIN. DONALD TRUMP BELIEVES THAT THE WORLD WILL BE SAFER IF MORE NATIONS HAVE NUCLEAR WEAPONS. HE SAID, SAUDI ARABIA SHOULD GET THEM. JAPAN SHOULD GET THEM. KOREA SHOULD GET THEM. WHEN HE WAS CONFRONTED WITH THIS TOLD, WAIT A MINUTE, TERRORISTS CAN GET THOSE. PROLIFERATION CAN LEAD TO NUCLEAR WAR, HE SAID, I QUOTE,"
2911,13,1,CNNW_20161005_023000_Debate_Night_in_America,https://archive.org/details/KQED_20161005_010000_PBS_NewsHour_Debates_2016_A_Special_Report#start/2911/end/2924,"NUCLEAR WAR, HE SAID, I QUOTE, GO AHEAD, FOLKS, ENJOY YOURSELVES. I'D LOVE TO HEAR GOVERNOR PENCE TELL ME WITH IS SO ENJOYABLE OR COMICAL ABOUT NUCLEAR WAR. >> GOVERNOR PENCE? >> DID YOU WORK ON THAT ONE A"
2938,11,1,FOXNEWSW_20161005_010000_FOX_News_Special_Vice_Presidential_Debate,https://archive.org/details/KQED_20161005_010000_PBS_NewsHour_Debates_2016_A_Special_Report#start/2938/end/2949,"ARCHITECT OF THE FOREIGN POLICY OF THIS ADMINISTRATION, AMERICA IS LESS SAFE TODAY THAN IT WAS BEFORE BARACK OBAMA BECAME UNITED STATES, IN ARGUABLE."
3150,7,1,FOXNEWSW_20161005_030000_The_Kelly_File,https://archive.org/details/KQED_20161005_010000_PBS_NewsHour_Debates_2016_A_Special_Report#start/3150/end/3157,"WANT IN TO CREASE SYRIAN REFUGEE PROGRAM BY -- >> BUT MY QUESTION WAS ABOUT HOME GROWN."
3157,5,2,"FOXNEWSW_20161005_030000_The_Kelly_File, FOXNEWSW_20161005_040000_Hannity",https://archive.org/details/KQED_20161005_010000_PBS_NewsHour_Debates_2016_A_Special_Report#start/3157/end/3162,"HOME GROWN. >> GUT FIRST, LET'S MAKE SURE WE'RE PUTTING SAFETY AND SECURITY IN THE AMERICAN PEOPLE FIRST INSTEAD OF HILLARY CLINTON"
3162,5,1,FOXNEWSW_20161005_030000_The_Kelly_File,https://archive.org/details/KQED_20161005_010000_PBS_NewsHour_Debates_2016_A_Special_Report#start/3162/end/3167,"FIRST INSTEAD OF HILLARY CLINTON EXPANDING THE -- >> VIM LATING THE CONSTITUTION BY BLOCKING PEOPLE BASED ON"
3179,13,1,CNNW_20161005_023000_Debate_Night_in_America,https://archive.org/details/KQED_20161005_010000_PBS_NewsHour_Debates_2016_A_Special_Report#start/3179/end/3192,"REFUGEE ISSUES. AND ON IMMIGRATION. WE WANT TO DO ENFORCEMENT BASED ON ARE PEOPLE DANGEROUS. THEY SAY ALL MEXICANS ARE BAD. WITH RESPECT TO REFUGEES, WE WANT TO KEEP PEOPLE OUT IF THEY'RE DANGEROUS. DONALD TRUMP SAID KEEP THEM OUT"
3248,20,1,FOXNEWSW_20161005_030000_The_Kelly_File,https://archive.org/details/KQED_20161005_010000_PBS_NewsHour_Debates_2016_A_Special_Report#start/3248/end/3268,">> CAN WE JUST BE CLEAR. HILLARY AND I WILL DO IMMIGRATION ENFORCEMENT AND WE'LL VET REFUGEES BASEDDED ON WHETHER THEY'RE DANGEROUS OR NOT. WE WON'T DO IT BASED ON DISCRIMINATING AGAINST YOU FROM THE COUNTRY YOU COME FROM OR THE RELIGION. >> BUT THE PROBLEM WITH THAT -- COMPLETELY AT THE --"
3268,5,2,"FOXNEWSW_20161005_030000_The_Kelly_File, FOXNEWSW_20161005_040000_Hannity",https://archive.org/details/KQED_20161005_010000_PBS_NewsHour_Debates_2016_A_Special_Report#start/3268/end/3273,">> ELAINE THE DIRECTOR OF THE FBI HOMELAND SECURITY SAID, WE CAN'T KNOW FOR CERTAIN WHO THESE"
3273,5,1,FOXNEWSW_20161005_030000_The_Kelly_File,https://archive.org/details/KQED_20161005_010000_PBS_NewsHour_Debates_2016_A_Special_Report#start/3273/end/3278,"CAN'T KNOW FOR CERTAIN WHO THESE PEOPLE ARE COMING -- >> DON'T LET THEM KNOW --"
3456,8,1,MSNBCW_20161005_040000_MSNBC_Live_Post_Debate,https://archive.org/details/KQED_20161005_010000_PBS_NewsHour_Debates_2016_A_Special_Report#start/3456/end/3464,"REPUBLICAN FBI DIRECTOR DID AN INVESTIGATION CONCLUDED -- >> WE ARE MOVING ON NOW."
3467,6,1,FOXNEWSW_20161005_030000_The_Kelly_File,https://archive.org/details/KQED_20161005_010000_PBS_NewsHour_Debates_2016_A_Special_Report#start/3467/end/3473,"KNEE. >> YOU KNEE -- GENTLEMEN, PLEASE! >> DID AN INVESTIGATION."
3596,26,1,MSNBCW_20161005_030000_MSNBC_Live_Post_Debate,https://archive.org/details/KQED_20161005_010000_PBS_NewsHour_Debates_2016_A_Special_Report#start/3596/end/3622,"RIGHT NOW TO MAKE THAT HAPPEN. AND SECONDLY, I JUST HAVE TO TELL YOU THAT THE PROVOCATIONS BY RUSSIA NEED TO BE MET WITH AMERICAN STRENGTH. AND IF RUSSIA CHOOSES TO BE INVOLVED AND CONTINUE I SHOULD SAY TO BE INVOLVED IN THIS BARBARIC ATTACK ON CIVILIANS IN ALPPO THE UNITED STATES SHOULD BE PREPARED TO USE MILITARY FORCE TO STRIKE MILITARY TARGETS OF THE ASSAD REGIME. TO REPRESENT SHIM FROM THIS"
3665,1,1,FOXNEWSW_20161005_030000_The_Kelly_File,https://archive.org/details/KQED_20161005_010000_PBS_NewsHour_Debates_2016_A_Special_Report#start/3665/end/3666,"HILLARY HAS THE ABILITY TO STAND UP TO RUSSIA IN A WAY THAT THIS"
3666,4,2,"FOXNEWSW_20161005_030000_The_Kelly_File, MSNBCW_20161005_040000_MSNBC_Live_Post_Debate",https://archive.org/details/KQED_20161005_010000_PBS_NewsHour_Debates_2016_A_Special_Report#start/3666/end/3670,"UP TO RUSSIA IN A WAY THAT THIS TICKET DOES NOT. DONALD TRUMP AGAIN AND AGAIN HAS"
3670,1,1,MSNBCW_20161005_040000_MSNBC_Live_Post_Debate,https://archive.org/details/KQED_20161005_010000_PBS_NewsHour_Debates_2016_A_Special_Report#start/3670/end/3671,"PRAISED V.A. VLADIMIR PUTIN,"
3810,16,1,FOXNEWSW_20161005_030000_The_Kelly_File,https://archive.org/details/KQED_20161005_010000_PBS_NewsHour_Debates_2016_A_Special_Report#start/3810/end/3826,">> I UNDERSTAND WHY YOU WANT TO CHANGE THE SUBJECT. LET ME BE VERY CLEAR SON THIS RUSSIA THING THE LARGER -- >> DO YOU THINK -- THE QUESTION IS -- WHAT WE'RE DEALING WITH IS -- THERE'S OLD PROVERB THAT SAYS RUSSIAN BEAR NEVER DIES IT JUST"
3932,15,2,"FOXNEWSW_20161005_030000_The_Kelly_File, MSNBCW_20161005_040000_MSNBC_Live_Post_Debate",https://archive.org/details/KQED_20161005_010000_PBS_NewsHour_Debates_2016_A_Special_Report#start/3932/end/3947,"NATIONS SHOULD GET NUCLEAR WEAPONS. SAUDI ARABIA, JAPAN, SOUTH KIIR REI CAN'T. RONALD REAGAN SAID SOMETHING INTERESTING ABOUT NUCLEAR POE LIVE RAKES. HE SAID THE PROBLEM WITH NUCLEAR PROLIFERATION, SOME FOOL OR MANIAC COULD TRIGGER A"
3947,5,1,FOXNEWSW_20161005_030000_The_Kelly_File,https://archive.org/details/KQED_20161005_010000_PBS_NewsHour_Debates_2016_A_Special_Report#start/3947/end/3952,"CATASTROPHIC EVENT. I THINK THAT'S WHO GOVERNOR PENS' RUNNING MATE IS. >> OH, COME ON."
4051,2,1,MSNBCW_20161005_030000_MSNBC_Live_Post_Debate,https://archive.org/details/KQED_20161005_010000_PBS_NewsHour_Debates_2016_A_Special_Report#start/4051/end/4053,"THE $1.7 MILLION IN RANSOM"
4053,1,3,"CNNW_20161005_023000_Debate_Night_in_America, MSNBCW_20161005_030000_MSNBC_Live_Post_Debate, MSNBCW_20161005_040000_MSNBC_Live_Post_Debate",https://archive.org/details/KQED_20161005_010000_PBS_NewsHour_Debates_2016_A_Special_Report#start/4053/end/4054,
4054,9,4,"CNNW_20161005_023000_Debate_Night_in_America, KGO_20161005_010000_ABC_News_Special_The_Vice_Presidential_Debate, MSNBCW_20161005_030000_MSNBC_Live_Post_Debate, MSNBCW_20161005_040000_MSNBC_Live_Post_Debate",https://archive.org/details/KQED_20161005_010000_PBS_NewsHour_Debates_2016_A_Special_Report#start/4054/end/4063,"PAYMENT -- >> SIX TIMES TONIGHT I HAVE SAID TO GOVERNOR PENCE I CAN'T IMAGINE HOW YOU CAN DEFEND YOUR RUNNING MATE'S POSITION ON ONE ISSUE AFTER THE NEXT."
4063,6,3,"CNNW_20161005_023000_Debate_Night_in_America, MSNBCW_20161005_030000_MSNBC_Live_Post_Debate, MSNBCW_20161005_040000_MSNBC_Live_Post_Debate",https://archive.org/details/KQED_20161005_010000_PBS_NewsHour_Debates_2016_A_Special_Report#start/4063/end/4069,"ISSUE AFTER THE NEXT. IN ALL SIX CASES HE'S REFUSED TO DEFEND -- >> DON'T PUT WORDS IN MY MOUTH."
4069,2,2,"CNNW_20161005_023000_Debate_Night_in_America, MSNBCW_20161005_040000_MSNBC_Live_Post_Debate",https://archive.org/details/KQED_20161005_010000_PBS_NewsHour_Debates_2016_A_Special_Report#start/4069/end/4071,">> THEN YET HE IS ASKING"
4215,10,1,CNNW_20161005_023000_Debate_Night_in_America,https://archive.org/details/KQED_20161005_010000_PBS_NewsHour_Debates_2016_A_Special_Report#start/4215/end/4225,"DONALD TRUMP WOULD BE WILLING TO RELEASE HIS TAX RETURNS AS HE TOLD THE AMERICAN PUBLIC THAT HE WOULD DO. I KNOW HE'S LAUGHING AT THIS, BUT EVERY PRESIDENT -- >> WHAT'S THAT HAVE TO DO WITH RUSSIA. >> EVER PRESIDENT HAS DONE IT,"
4234,14,1,KGO_20161005_010000_ABC_News_Special_The_Vice_Presidential_Debate,https://archive.org/details/KQED_20161005_010000_PBS_NewsHour_Debates_2016_A_Special_Report#start/4234/end/4248,">> THANKS. JUST TRYING TO KEEP UP WITH THE INSULT-DRIVEN CAMPAIGN ONMENT OTHER SIDE OF THE -- >> I'M JUST SAYING FACTS ABOUT YOUR RUNNING MATE. >> YEAH. >> I KNOW YOU CAN'T DEFEND HIM. >> GOVERNOR --"
4443,26,1,CNNW_20161005_023000_Debate_Night_in_America,https://archive.org/details/KQED_20161005_010000_PBS_NewsHour_Debates_2016_A_Special_Report#start/4443/end/4469,"GOVERNOR PENCE SPED INARGUABLY, VLADIMIR POUT IS IN A BETTER LEADER THAN -- >> THAT IS ABSOLUTELY INACCURATE. >> AND I JUST THINK -- I SAID HE'S BEEN STRONGER ON THE WORLD STAGE -- >> HE SAID LEADER. I'LL JUST SAY THIS, GOVERNORS. IF YOU MISTAKE LEADERSHIP FOR DICTATORSHIP AND YOU CAN'T TELL THE DIFFERENCE, COUNTRY THAT'S RUNNING ITS ECONOMY --"
4759,26,1,CNNW_20161005_023000_Debate_Night_in_America,https://archive.org/details/KQED_20161005_010000_PBS_NewsHour_Debates_2016_A_Special_Report#start/4759/end/4785,"TRUMP FOUNDATION. THE TRUMP ORGANIZATION IS AN OCTOPUS-LIKE ORGANIZATION IS WITH TENTACLES ALL OVER THE WORLD. WHOSE CONFLICT OF INTEREST TO THE ONLY BE KNOWN IF DONALD TRUMP WOULD RELEASE HIS TAX RETURN. HE'S REFUSED TO DO IT. HIS SONS HAVE SAID THAT THE ORGANIZATION HAS LOT OF BUSINESS DEALINGS IN RUSSIA. AND REMEMBER THE TRUMP ORGANIZATION IS NOT A NONPROFIT IT'S PUTTING MONEY INTO DONALD TRUMP'S POCKETS AND BOOT POCKETS OF HIS CHILDREN."
5076,20,1,CNNW_20161005_023000_Debate_Night_in_America,https://archive.org/details/KQED_20161005_010000_PBS_NewsHour_Debates_2016_A_Special_Report#start/5076/end/5096,"I WAS ELECTED AND I DID. IT WAS VERY, VERY DIFFICULT TO ALLOW EXECUTIONS TO GO FORWARD BUT IN CIRCUMSTANCES WHERE I DIDN'T FEEL LIKE THERE WAS CASE FOR CLEMENCY, I TOLD VIRGINIA VOTERS I WOULD UPHOLD THE LAW AND I DID. THAT WAS REAL STRUGGLE. BUT I THINK IT IS REALLY IMPORTANT THAT THOSE OF US WHO HAVE DEEP FAITH LIVES DON'T FEEL LIKE WE CAN JUST SUBSTITUTE OUR"
5328,23,1,MSNBCW_20161005_040000_MSNBC_Live_Post_Debate,https://archive.org/details/KQED_20161005_010000_PBS_NewsHour_Debates_2016_A_Special_Report#start/5328/end/5351,"JUST THAT, TO PUNISH WOMEN IF THEY MADE THE CHOICE TO TERMINATE A PREGNANCY. I THINK YOU SHOULD LIVE YOUR MORAL VALUES BUT THE LAST THING, THE VERY LAST THING THAT GOVERNMENT SHOULD DO IS HAVE LAWS THAT WILL PUNISH WOMEN WHO MAKE REPRODUCTIVE CHOICES. THAT IS THE FUNDAMENTAL DIFFERENCE BETWEEN CLINTON-KAINE TICKET AND A TRUMP-PENCE TICKET THAT WANTS TO PUNISH WOMEN."
5390,15,2,"CNNW_20161005_023000_Debate_Night_in_America, MSNBCW_20161005_030000_MSNBC_Live_Post_Debate",https://archive.org/details/KQED_20161005_010000_PBS_NewsHour_Debates_2016_A_Special_Report#start/5390/end/5405,">> SENATOR, YOU RIPPED OUT THAT MEXICAN THING AGAIN. LOOK -- >> CAN YOU DEFEND IT? >> THERE ARE CRIMINAL AILLYIANS IN THIS COUNTRY, TIM, WHO HAVE COME INTO THIS COUNTRY ILLEGALLY WHO ARE PERPETRATING -- >> YOU WANT TO USE A BIG BROAD"
5715,44,1,FBC_20161005_023000_Cavuto_Coast_to_Coast,https://archive.org/details/KQED_20161005_010000_PBS_NewsHour_Debates_2016_A_Special_Report#start/5715/end/5759,"INGENERAL KNEW TEE TO FIGHT FORWARD. WHEN DONALD TRUMP BECOMES PRESIDENT OF THE UNITED STATES WE'LL HAVE A STRONGER AMERICA. WHEN YOU HEAR HIM SAY HE WANTS TO MAKE AMERICA GREAT AGAIN, WHEN WE DO THAT, I TRULY DO BELIEVE THE AMERICAN PEOPLE ARE GOING TO BE STANDING TALL. THEY'RE GOING TO SEE THAT REAL CHANGE CAN HAPPEN AFTER DECADES OF JUST TALKING ABOUT IT. AND WHEN THAT HAPPENS, THE AMERICAN PEOPLE ARE GOING TO STAND TALL, STAND TOGETHER AND WE'LL HAVE THE KIND OF UNITY THAT'S BEEN MISSING FOR WAY TOO LONG. >> ALL RIGHT, GENTLEMEN, THANK YOU SO MUCH. THIS CONCLUDES THE VICE PRESIDENTIAL DEBATE. MY THANKS TO THE CANDIDATES, THE COMMISSION AND TO YOU FOR WATCHING. PLEASE TUNE IN THIS SUNDAY FOR THE SECOND PRESIDENTIAL DEBATE OF WASHINGTON UNIVERSITY IN ST. LOUIS. AND FINAL DEBATE OCTOBER 19 AT THE UNIVERSITY OF NEVADA"
